0.381228631266768,0.224930962607466,0.528672903728912
0.202325278542331,0.260516960372224,0.424676291321311
0.143568859138595,0.0781876472196084,0.37575331346949
0.182870688086988,0.143750920290952,0.283814013340718
0.123212101982866,0.115446214563095,0.332704445566811
0.14769367555104,0.00609255833250211,0.347993272142882
0.121230139843419,0.091585250653485,0.279441904906063
0.0893594309869699,0.0101073693230933,0.131866889966159
nullptr
0.066891857529515,0.0314930649602346,0.165783022448968
0.111891514980949,0.113793444800891,0.134487451335439
nullptr
nullptr
0.115520005536943,0.0722366057841815,0.292513360395574
0.0268803094596562,0.0725867447249152,0.233584624110881
0.0198092973579876,0.0710461887190036,0.245086328378196
nullptr
nullptr
nullptr
nullptr
0.145519905690002,0.0254957151282781,0.205762275719754
nullptr
nullptr
nullptr
0.0850234948297318,0.160542459836023,0.0388951460140624
0.0814511146257617,0.250854978922591,0.023822205910955
nullptr
nullptr
0.0983509314697365,0.11661754082168,0.0521176947871369
0.000544741248949321,0.117056411655518,0.267779286336479
nullptr
0.00499820846220966,0.194170240112347,0.236990400436162
0.0578732200643353,0.238354029180817,0.0881194010665693
nullptr
nullptr
0.00914659599991119,0.234548871243293,0.316811870288813
nullptr
nullptr
0.133365873580874,0.231693198573235,0.118810799177129
0.172727728815934,0.179634338896395,0.158739959013056
nullptr
nullptr
nullptr
0.344015438568388,0.0184507690698698,0.143040311106547
0.189451565571333,0.0151948737676784,0.371332080150211
0.31976530771379,0.00892686666957854,0.122954061230652
nullptr
nullptr
nullptr
0.319307815716737,0.197261339248119,0.24761528951134
0.259657502973173,0.253709654779395,0.106962532874998
0.226161387638613,0.0795247342744987,0.128508289736899
nullptr
0.236980952684757,0.215107171249031,0.124583717461584
nullptr
0.222922525335372,0.219806971935925,0.227251511571676
nullptr
nullptr
0.378826628722966,0.146114723172123,0.129349686364328
0.294697412278291,0.133086610231095,0.140767223316081
nullptr
0.363577456199617,0.0407203638134114,0.221360279689177
nullptr
nullptr
nullptr
0.202104695637984,0.0265307887978038,0.27289293386417
nullptr
0.291227538634458,0.174192697676137,0.267990372711196
0.21802721415354,0.0653524987985019,0.320819479699505
0.366022855834286,0.166050829196525,0.294407998164684
nullptr
nullptr
0.256592951912267,0.13094098341365,0.354348535631277
nullptr
nullptr
0.290900634749992,0.241057000678978,0.327296627370373
nullptr
nullptr
0.00846748174776824,0.197606972494283,0.748121829450849
0.00633875949051255,0.250516357736625,0.810913585307756
nullptr
nullptr
0.263487425071171,0.219836355373865,0.944735449164945
0.234176233741903,0.164452617133228,0.740476976507164
0.124557529766044,0.0793181490795785,0.459582562921193
0.0747062720945634,0.184557195771905,0.592857194972296
0.0655298031992181,0.0661956272071677,0.571177990196282
0.118642589056892,0.0657990954970077,0.460816772272666
0.0798575104094916,0.100750151351719,0.512864833079828
nullptr
nullptr
nullptr
0.102341792249695,0.0639065708476939,0.667244050921643
0.0560041317815455,0.177757021696252,0.633253688386744
0.0589584769285478,0.107701797956254,0.681817737221592
0.0121012112101744,0.163108883838866,0.653574988647704
nullptr
0.0925961939252228,0.115143173149287,0.624503495838768
0.0876737104126418,0.0883244353213436,0.633234667421669
nullptr
nullptr
nullptr
0.0531299069189821,0.0642119324800223,0.733170797417126
nullptr
nullptr
nullptr
0.113580486720773,0.0375936071941262,0.589007377761238
nullptr
nullptr
0.0753763631955537,0.187092207625852,0.722666338965864
0.0268749651686668,0.211248936135316,0.43897999298735
nullptr
0.0401967620240324,0.208956894552615,0.71100568736167
nullptr
nullptr
nullptr
0.203296602689755,0.0798736010980542,0.69734801869796
0.355088379322316,0.0403857827027266,0.723074959483048
0.257360141974159,0.0438214008979099,0.546418199046853
0.154262227396377,0.0318478838224527,0.418413654264772
nullptr
0.199309936720604,0.0780526245574292,0.416732536384826
nullptr
nullptr
0.293898073873327,0.0438912830182681,0.530763506421205
nullptr
nullptr
0.375634124317442,0.0270465445294289,0.731370021104967
nullptr
nullptr
0.185423680669459,0.141281371461305,0.386442556362895
nullptr
0.307687896091869,0.148601049182301,0.67584007448914
0.149650972599661,0.18454678295441,0.705659905517594
0.18534975808981,0.172023482762893,0.699727023864602
0.251312917827877,0.173985402678525,0.412658596149858
0.12887972154027,0.170058141917409,0.399963479040312
nullptr
nullptr
nullptr
nullptr
nullptr
0.329952219357247,0.187228341892452,0.603404589845015
0.324086395747589,0.120513722601047,0.550349220490238
nullptr
0.35953716636309,0.158276338584142,0.6033676127646
nullptr
nullptr
nullptr
0.363943632323972,0.00492496437557288,0.854679034139829
0.0114676786012794,0.0364569557961585,0.944909658699412
0.198610437742162,0.0176899136394598,0.917836532547325
0.342219303101263,0.026555298232176,0.830823809652647
0.225851449956246,0.0100903463275377,0.826664193508184
nullptr
nullptr
nullptr
0.317355611252337,0.0184578122991182,0.984926836546604
nullptr
nullptr
0.0361440944750236,0.187394030069671,0.915882371886953
0.282636019644898,0.167718826130997,0.859584273437561
0.213628280407508,0.0541848820345149,0.785541591073332
0.134505782030447,0.0410364722007721,0.76837367743288
nullptr
nullptr
0.127178757696248,0.179354872942429,0.896893292458668
0.0978648685642618,0.208688471535355,0.74141830904393
nullptr
0.122602411676523,0.0633039472367654,0.783031602364366
0.251034999877782,0.0574361715205672,0.74613810816366
nullptr
nullptr
0.128570685983551,0.163678376023549,0.815338936085171
nullptr
nullptr
0.158322364434917,0.217470937563965,0.915769452830409
nullptr
nullptr
nullptr
0.296426563979203,0.0921613885381808,0.95572466716491
0.0261755946930639,0.102356692956879,0.950630287800298
0.180397795604741,0.0436403885271237,0.963273706307596
nullptr
nullptr
0.140631787630586,0.16486658226753,0.925122101615939
nullptr
0.190172721735727,0.115576030955443,0.929215179517693
nullptr
0.197149823795969,0.109395003063937,0.938973329338631
nullptr
nullptr
0.336842356215493,0.101305436988896,0.922360279402671
nullptr
0.311072310886992,0.157079653043759,0.945246589384866
nullptr
nullptr
nullptr
0.372735006345101,0.233738579362876,0.475083206427968
nullptr
0.114738790824423,0.222852961734665,0.617934136686482
0.111750211123551,0.251305521841773,0.631290638939634
0.0500021259970836,0.232025550727337,0.90669632003586
0.0967228278580005,0.245746888295733,0.793544485466443
0.0447722536574795,0.227278666009501,0.788826311839711
nullptr
nullptr
nullptr
nullptr
nullptr
0.279327418775318,0.247683305595151,0.940220587929377
0.352354277272233,0.232272145154811,0.483913169020195
nullptr
0.129295100417572,0.247050957543829,0.86198852997468
nullptr
0.275100031933023,0.224436551744742,0.593152453757293
nullptr
nullptr
nullptr
0.17099379900741,0.844500730456179,0.0417294704345426
0.114508650243279,0.908499587564764,0.0229669359073412
0.0250016490675524,0.416046143689138,0.0185357277678659
nullptr
0.0881163031597791,0.811455541312397,0.00694428820210691
nullptr
0.0993972997853326,0.674700811696825,0.0204531357067109
0.0270819888105805,0.594820831062246,0.0177881461850627
nullptr
0.0144982057278432,0.675680259886094,0.0301679373757182
nullptr
nullptr
nullptr
0.250986721805403,0.492369042778608,0.0148827770779008
0.373365990081582,0.40863736207368,0.0329061901809509
0.267726326272701,0.431154813609356,0.0217520718198427
nullptr
nullptr
nullptr
0.224874713214445,0.61715228468743,0.0202184037875454
nullptr
nullptr
0.185730345542464,0.963860630076155,0.105873404664596
0.148959503476061,0.892848579628712,0.544756206284895
0.167870823372236,0.69977266455454,0.945537834218414
0.0645190038917753,0.848685707137631,0.481587919974302
0.0503482625941615,0.318552010488208,0.253481755127072
0.0280162762984649,0.302281503170877,0.39408836537305
nullptr
0.00258189232661554,0.286693180899613,0.801008020776419
nullptr
0.0630071685177133,0.270642325720074,0.470444452052098
nullptr
nullptr
0.0113541656096233,0.692849500338037,0.838668499903329
0.0562366540302803,0.771217855734384,0.592793988481641
0.0153411344646724,0.413957620703252,0.391403745809479
0.021220852846432,0.331576564776019,0.236365472792575
nullptr
0.0205919646812158,0.374776746357055,0.386889049508123
nullptr
nullptr
0.0479159052547272,0.467292931713415,0.418088695720881
0.0364933815585154,0.501281810018012,0.298484337462881
0.0046675657752846,0.541578315004961,0.146256780711142
0.0168964892166978,0.447694773749174,0.409474172973761
nullptr
nullptr
0.0129328750203385,0.775490336185279,0.347677302861846
0.0188091486777545,0.707254150060011,0.0825471404480718
0.0118071778477421,0.71690491188147,0.265368819207396
nullptr
nullptr
0.0254125240969637,0.778161714144159,0.127172535667072
nullptr
nullptr
nullptr
0.0415124828712342,0.861911165702877,0.227318426579014
0.0502258786073736,0.677226892970917,0.278393913605744
0.0407722134830655,0.461925941567709,0.0502127014164349
nullptr
0.0438289581800279,0.591735294620089,0.046798153509108
nullptr
nullptr
nullptr
nullptr
0.029857265127471,0.491799912687518,0.677306538776739
0.0226983082548877,0.714545387606588,0.53778739886473
0.0238500390863244,0.456401058245476,0.587907795796142
nullptr
0.00430626855179461,0.626196860697379,0.66460567821495
nullptr
0.00479026728690835,0.429008343253279,0.773629800309328
nullptr
nullptr
nullptr
0.0312934217893137,0.719539840146984,0.551143030163472
nullptr
nullptr
0.0563548129759195,0.324949825915038,0.58877507709334
nullptr
0.0618538646618353,0.354838083789756,0.439666155111939
0.0629404895886246,0.794871442912043,0.0832927506602368
0.0617376604837055,0.889994590626275,0.416459537562183
nullptr
nullptr
0.0643065141989659,0.664506137909638,0.344030696354573
nullptr
nullptr
0.0577077916229156,0.760684320502237,0.626100002621353
nullptr
0.0635005030267396,0.420053695276491,0.629471115276441
nullptr
nullptr
0.0402761044451749,0.642099314949712,0.92662795060653
0.0142449902392056,0.424225523243049,0.864270461647583
nullptr
0.0332197821818395,0.463806073765533,0.870905613619345
0.0272900658837899,0.882523068043127,0.839122249885684
nullptr
nullptr
nullptr
nullptr
0.159422532418426,0.853540311487442,0.896983100769896
0.0672298676012969,0.418191392256414,0.578134341042458
0.158825002385235,0.334089122438243,0.559547396388256
0.133116035214335,0.378724133108568,0.0644516572656004
0.0687645503066322,0.361820939185388,0.278200913983412
0.120661058995131,0.279966212425025,0.189874628032702
nullptr
nullptr
0.0701427620549565,0.283504347714911,0.53146966264524
nullptr
nullptr
0.110424346387379,0.471068313068503,0.53428438036083
0.0990941813139293,0.409643429236719,0.224397256638023
0.0750924901054001,0.49822863089265,0.145369074430069
0.0904212785784813,0.481890186867674,0.461160459011629
0.0925670243125059,0.465221518294936,0.234623729217382
0.087039223226024,0.489536517640061,0.266149085054884
nullptr
nullptr
nullptr
nullptr
0.0884551661909082,0.845924903190239,0.147654207016206
0.0818052252018068,0.844207398595638,0.118241181009725
nullptr
nullptr
0.0660931559908532,0.738423542654962,0.173759520376099
nullptr
0.0751706845944761,0.527643642976169,0.305554050838322
nullptr
nullptr
0.129590848613976,0.578285806162655,0.367601262621153
0.158070715086325,0.449330006113406,0.194428098175101
nullptr
0.134500131119291,0.434743444569407,0.520752381103287
0.116457320278619,0.549020718037859,0.3784444805366
nullptr
nullptr
nullptr
0.138994593400831,0.830697206298424,0.506848729494027
0.113761378016727,0.814898565324128,0.230620965927477
nullptr
0.135608325764441,0.654244589579556,0.344789218515418
0.132874727605573,0.627393797652795,0.224284498996839
nullptr
nullptr
0.136785521140193,0.731289570125078,0.493615613241461
nullptr
nullptr
nullptr
nullptr
0.179314266445228,0.623344882025522,0.213674780602918
0.183807572808058,0.585562631173585,0.0556860432218877
nullptr
0.182341983327534,0.367862755732792,0.316655431340321
0.161164602635908,0.600277233795365,0.0564367044119956
0.162544287384948,0.530726839631322,0.528151130580923
0.167708793100563,0.56709318509862,0.172721574619368
nullptr
nullptr
0.171436299965043,0.592932605044519,0.578108942190745
nullptr
nullptr
nullptr
nullptr
0.174873083718944,0.830508423189174,0.532558458250491
0.175002042938845,0.808701005190036,0.106972922633502
nullptr
nullptr
nullptr
0.103602215434522,0.672965470467701,0.599999564717161
0.095281893694927,0.750939520665683,0.634285664829676
0.0886907872713775,0.628409784189247,0.594887902608068
nullptr
0.098264663140269,0.699473262570572,0.842986209514066
nullptr
0.0994689914220942,0.446925454888381,0.730726183903665
nullptr
nullptr
0.0911901872937396,0.807421631279412,0.911906818819816
nullptr
nullptr
0.118138539675052,0.790604821585005,0.933213454225049
0.103870871564492,0.756081635882855,0.819065586628114
0.144259465922055,0.57674214661258,0.812979962730304
0.109705632604518,0.623495042063348,0.674394287735665
0.111040661522381,0.371446339297537,0.765099322626505
0.119789543114734,0.367961399293281,0.639865806418211
nullptr
nullptr
nullptr
0.116591460406517,0.723273745297256,0.586089689691885
nullptr
0.133297731136327,0.767580708462129,0.710149776995069
nullptr
nullptr
0.185412666718049,0.730183615896867,0.805001364770038
0.178082977326305,0.42423619994839,0.59908443016416
nullptr
0.16973880787735,0.529805539857127,0.629642578725978
nullptr
0.184900180776793,0.649294090220916,0.680832100220404
nullptr
nullptr
nullptr
0.180303837430276,0.724456802918038,0.902799205315608
0.10464774719367,0.449304075589417,0.895737817256583
nullptr
0.164249797109264,0.499946819119357,0.866258348767432
0.149198598372254,0.524881539476154,0.826050107830472
nullptr
nullptr
nullptr
nullptr
0.179266302222631,0.843774700026253,0.70913651596987
0.183156821512731,0.791364522147206,0.686067855720854
nullptr
nullptr
nullptr
0.0861100348833982,0.879884523534539,0.31465118767649
0.102079122892409,0.8845383164365,0.254243252234905
nullptr
nullptr
0.0837197259790988,0.860245469657068,0.375655367538715
nullptr
0.184313447072996,0.872756550346652,0.932775402421774
nullptr
nullptr
0.157738643306485,0.874164245547691,0.987883669119002
0.0902183874227361,0.550723175411869,0.999670722901092
0.00174578909097278,0.540156232235728,0.992044874027555
0.105567137267229,0.340392677635309,0.946993317074474
nullptr
nullptr
nullptr
0.133462226461677,0.761048073002539,0.982634717650108
nullptr
0.075836483515116,0.588562737670328,0.986712989310045
nullptr
nullptr
nullptr
0.0241273484590363,0.981236676348256,0.893934852248935
0.138959150038444,0.895179832355683,0.310171280455028
0.0908819441727011,0.944959422824392,0.597205766183792
0.109976709176561,0.931621917719126,0.384710709116568
0.120924369020688,0.909127231300197,0.0481282173253567
nullptr
nullptr
0.0162342101858762,0.937245012546609,0.552600531783099
nullptr
0.0392923847406617,0.923789344196418,0.41387569030115
nullptr
0.0550101389925947,0.923823076579452,0.722769214263664
nullptr
nullptr
0.0289894775163601,0.981391696872831,0.239759113191805
0.0624040403098969,0.959444107774528,0.118333899063101
nullptr
nullptr
0.115618872307243,0.948033185443786,0.655724919235716
0.0161245823099243,0.964945649190135,0.334475988600035
nullptr
nullptr
nullptr
0.168262381467537,0.939993267936848,0.133059129758497
nullptr
nullptr
0.00295720723385207,0.966667141833842,0.919362863397318
nullptr
0.114986248336391,0.913390377640881,0.915924368254898
0.0975556490735492,0.894699252146869,0.99426315788608
nullptr
nullptr
0.101600716711416,0.976437312734911,0.976679465726434
nullptr
nullptr
0.235476222434028,0.941113283367182,0.40407495448972
0.321544698478242,0.46450446058987,0.39274155472613
0.360479587718067,0.531345496098466,0.236845305655294
0.272769219010526,0.534844499410178,0.230648853786392
0.232272499870416,0.3272627517268,0.300421254868312
0.273850495611228,0.341870018699637,0.184641740286082
0.214077408040163,0.49049865533259,0.244903171666336
0.193319325735902,0.428444623737909,0.259399905057047
0.257653124502796,0.425479391314313,0.250234608024789
0.225498734834163,0.374146113346701,0.0691793710373536
nullptr
nullptr
nullptr
0.248185499702277,0.378381965937201,0.280238282611518
nullptr
nullptr
0.215892923868281,0.518558449472857,0.0567339685628188
nullptr
nullptr
0.342418629364734,0.457381641632891,0.235631808803512
0.354253452474913,0.444297975782828,0.0965951769764338
0.313385175032494,0.341592044941928,0.0664580735776531
nullptr
nullptr
nullptr
nullptr
0.352404846181083,0.474187745361536,0.321506852672235
nullptr
nullptr
0.215590640276278,0.633579739407737,0.257870291978001
0.302129243432372,0.865550190405873,0.064112561894757
0.26003980777729,0.717247642424784,0.113503242440257
0.195080693863593,0.548732849784325,0.0966273292770582
0.292005897656013,0.564191150919983,0.0770977807348215
0.232998931942835,0.716585125511457,0.0932675812732769
nullptr
nullptr
nullptr
0.212792830133108,0.585535154810107,0.134911646907036
0.186024633676806,0.639351962283343,0.24843692824479
nullptr
nullptr
0.297117295087188,0.643653200345183,0.182502785851692
nullptr
nullptr
0.218428430050217,0.885725714139618,0.203791047858665
0.244330326459418,0.867719421876006,0.0769452420783338
0.189650871658465,0.784238926725249,0.0579082233227585
0.243249216263074,0.720859464502497,0.134157291235449
0.194470464436047,0.739346118287181,0.0578526562729573
nullptr
nullptr
nullptr
nullptr
0.284191067012456,0.841984382942054,0.163535945779529
nullptr
nullptr
0.240011451814813,0.79611970268648,0.210634226890321
0.198865401178845,0.938673832349004,0.213510142441297
nullptr
nullptr
nullptr
0.309662122239044,0.937466427085045,0.202616457777684
0.315050765968079,0.64411874096921,0.242728285800652
0.306632004625589,0.595172676955178,0.220956545530398
nullptr
0.331031820411276,0.5480647221816,0.050454633533391
nullptr
0.333709759624381,0.595405889036462,0.0859863214051423
nullptr
nullptr
nullptr
nullptr
0.334142226573045,0.855372439501976,0.383272594548323
0.32123696686632,0.78195647164835,0.355627359546104
0.250144045562782,0.619025995292294,0.381944287192862
nullptr
0.304781450063185,0.650670202798216,0.384723151036608
nullptr
nullptr
nullptr
nullptr
0.378499585582026,0.936714342097574,0.0813841196883744
0.373628130366701,0.833679898610044,0.380136288977305
0.371936526296025,0.755381179816867,0.0772281218080693
0.361683335815009,0.510817169384923,0.0948900432885597
nullptr
nullptr
0.375584156894635,0.747764192894755,0.195606970055429
nullptr
nullptr
nullptr
nullptr
0.272927172632034,0.384419072793885,0.416059329276532
0.234476935991578,0.885385817721144,0.847489295966509
0.220854842223988,0.787179643324158,0.833640242203831
0.228171714658951,0.680085484800238,0.691110562125091
0.224248238389674,0.362566462332396,0.602866397809706
0.218633580681822,0.312940088723015,0.595983100287006
nullptr
nullptr
0.205870259958736,0.760829325182999,0.670892066679963
0.188403966443919,0.883164439480937,0.508952470094912
0.187012276921025,0.822587310948593,0.583778746133966
nullptr
nullptr
0.220302294076006,0.521203878536328,0.497561737833141
0.189246821043838,0.418692892875808,0.522337312171678
nullptr
nullptr
0.217291086165891,0.758829550645655,0.484315874481371
nullptr
nullptr
0.187668872503877,0.43167264649995,0.757068256420659
nullptr
0.195711087056699,0.716428108896708,0.77631500467578
0.220945138082181,0.608433670829843,0.803669946906424
0.207479155651669,0.502065035584265,0.746483249672834
nullptr
nullptr
nullptr
nullptr
0.252569280254603,0.286558402835944,0.796749661439815
nullptr
0.271728438045063,0.685470607761871,0.552030363176682
0.240120050374189,0.557492331934582,0.541915362402865
nullptr
0.26758400900685,0.762719042885664,0.526948438554858
0.24378449056486,0.62239999702105,0.419695513192454
nullptr
nullptr
nullptr
0.256671915945569,0.503532343095401,0.816903081564019
0.235392883162053,0.640024932675311,0.821131406153747
0.233440571438761,0.598596697485385,0.557653258318297
nullptr
0.235382336888116,0.343438847108746,0.78002292701074
nullptr
nullptr
0.237549714134706,0.679889692563436,0.722446019940489
nullptr
nullptr
nullptr
0.215417336325315,0.442501646442329,0.881742059114345
0.194293305610518,0.520810615634836,0.98815943772675
0.201715527752516,0.43153418722248,0.905971233114495
nullptr
nullptr
0.197026255751422,0.690395479587928,0.967292134628312
nullptr
nullptr
0.236936068940033,0.379145029608878,0.88634642161108
nullptr
0.267801663504791,0.538423718654952,0.872124994750952
0.222117150532741,0.423362147216427,0.846788961127642
nullptr
nullptr
0.217393870871144,0.671895026400075,0.980565235329131
nullptr
0.227514596191206,0.635885092102706,0.908312924384506
nullptr
nullptr
0.199836198119459,0.920936820603665,0.406255699962987
nullptr
0.229339208843405,0.89930562906947,0.40903011914004
0.227293976887152,0.909417823440234,0.51972804421684
nullptr
0.211606558929762,0.925259930208638,0.736549651811981
nullptr
nullptr
0.23136840384329,0.928055598120966,0.473255203778154
0.241948559855753,0.900793314862785,0.887142792602086
nullptr
nullptr
nullptr
0.355033205822375,0.602429404593563,0.982513973635082
0.284657868952515,0.354310050556087,0.401962423617162
nullptr
0.350323198278374,0.58420190117217,0.783886605480298
0.314731585323793,0.319251628791852,0.422069003676544
0.343860125845975,0.295762351476017,0.569452483580165
nullptr
0.292820180930994,0.314645041648849,0.74087637397665
nullptr
nullptr
0.275013456040065,0.58624080968296,0.943845497757835
0.315155653741838,0.405249502269475,0.779755611670888
0.296519383647684,0.53419961478942,0.74075910692209
0.307445953123713,0.507160221491937,0.557760571810463
nullptr
nullptr
0.277411345750841,0.580873590663693,0.641449161440002
nullptr
nullptr
0.315436203060766,0.388005600957419,0.685531517133501
nullptr
0.335878004176493,0.450443533848448,0.441997007050542
nullptr
0.346030859712792,0.543273540220543,0.769238997976064
0.334485257100526,0.503704925585707,0.901061286866077
0.323771175071659,0.438697385512517,0.627150646321757
nullptr
nullptr
0.340830253016938,0.583647401748743,0.879618502241622
nullptr
nullptr
nullptr
nullptr
0.355940401868751,0.515526860328069,0.579102827398116
0.375764622683821,0.302431174265784,0.769371723769373
0.369348339179699,0.334778755983108,0.537980724058272
0.363097361428136,0.367251014104268,0.596751499710106
nullptr
nullptr
nullptr
0.35810087800571,0.375513969380746,0.99029679078021
nullptr
nullptr
0.375054787755062,0.594293600740525,0.593880229802369
nullptr
nullptr
0.377752742886924,0.857682588929803,0.664739335990204
0.3506207307414,0.911062994621462,0.575478926764268
0.349280251531372,0.868835857249252,0.593302717557752
0.347169910258683,0.667888873210209,0.602253013024401
nullptr
0.340342767587217,0.746236640200043,0.608132809261003
nullptr
nullptr
0.301322657502441,0.874970481433816,0.480541527679988
nullptr
nullptr
0.36657889241564,0.726068662704131,0.474971663924563
nullptr
nullptr
0.365005660537682,0.716370000769158,0.706100110942352
0.317824873334228,0.701712063176691,0.96740757463195
0.319532830773958,0.608061256577197,0.81390204752555
0.360913941926225,0.667501007474741,0.725625259527166
nullptr
nullptr
0.295197832647834,0.643662589914704,0.976801667439192
nullptr
nullptr
0.351802620761551,0.920454886124626,0.719847681791962
0.336552646391841,0.929824414013706,0.674879426986899
nullptr
nullptr
0.292285703471637,0.930429170100462,0.721903921522467
nullptr
0.293206974960545,0.778913780184917,0.96254317568375
nullptr
nullptr
0.374799356640031,0.71419672918008,0.68621330279031
0.379523706993575,0.679903953956565,0.960717064675707
nullptr
nullptr
nullptr
0.343010241095028,0.954029509436974,0.343708474322507
0.189509021111883,0.977254298829794,0.284215453905303
nullptr
0.196871522860101,0.954836917460841,0.199468459904734
nullptr
nullptr
0.265760726936449,0.985351857181106,0.656166266754098
0.248816363032539,0.990429474729981,0.435802833867503
0.216870644849274,0.971288947009267,0.535368750523381
nullptr
nullptr
nullptr
0.329265795436532,0.998231956972944,0.620385565801577
0.352937897643806,0.993276925867213,0.517901511595927
nullptr
0.344127559177891,0.970725128512096,0.938879109196968
0.290181839110599,0.98814098867241,0.672030895280357
0.324954486670306,0.97862829380105,0.713250866986181
nullptr
0.343562026376202,0.948597270260074,0.931748235153865
nullptr
nullptr
0.272543280465259,0.990451526806043,0.975792377421456
nullptr
nullptr
nullptr
nullptr
0.547671217030482,0.393151147221352,0.0467197354249069
0.602154564301806,0.245008396615808,0.795288588749451
0.703971658061275,0.191060953809127,0.545442285212511
0.556906248754861,0.307406402854839,0.655257149335917
0.507855622137606,0.181629965617008,0.297287397204214
0.67377429440784,0.248595821059486,0.288430778304944
0.466018573876045,0.215924038774241,0.0226772027699691
0.392687834084715,0.109431966795412,0.059822571351507
0.62793398773612,0.0286109882149537,0.0260599567807538
nullptr
nullptr
0.6161494543719,0.101974361114189,0.214085030057674
0.419726416232287,0.0188044209610807,0.198822613402929
0.38765198124982,0.00275749800987835,0.14998929630624
nullptr
0.483888559348894,0.0134283247239312,0.249168521766811
nullptr
nullptr
0.596249337439681,0.0493759587898359,0.165219015605866
0.610422265671023,0.055628856220601,0.0835098679802264
0.508850160859124,0.0200130038746352,0.13858718024282
nullptr
0.430022277350443,0.0890453231040103,0.146441589503064
nullptr
nullptr
0.613917182848536,0.0290891930660003,0.110927890003148
nullptr
nullptr
0.540886716975021,0.137966015563673,0.212909320728871
0.507972711079007,0.0971503572983764,0.274673289121422
0.512803285826436,0.0611680749316393,0.192938177358386
0.412837529497485,0.0834774858218076,0.168379512353875
nullptr
nullptr
nullptr
0.530007564992585,0.118378178196918,0.202730674566725
0.445319440167851,0.211392984535964,0.199359760124687
nullptr
nullptr
0.49455068771533,0.141681716920507,0.292812394653699
0.440362024691141,0.206005251622464,0.226869628964911
nullptr
nullptr
0.533366958449497,0.0975250829807354,0.264247899859023
nullptr
nullptr
0.5903886163094,0.140876228194165,0.20630643406032
nullptr
nullptr
0.660680597482369,0.169739174923332,0.13606961480979
0.660554552226325,0.116083408174701,0.102079382612276
nullptr
0.643792748905137,0.027957541372142,0.106611870799579
nullptr
0.647823836583161,0.0434122339162707,0.160823987545488
nullptr
nullptr
nullptr
0.602264414726473,0.233849724812221,0.252615180319337
0.45661348572468,0.297373628628525,0.214356976620949
0.399840710518933,0.239873626607594,0.235812535206198
nullptr
nullptr
0.573709235975312,0.287491661965375,0.144582503216269
0.491433717441916,0.2273853255455,0.042303066556677
nullptr
0.531298525389999,0.246537408871205,0.0982585852503489
nullptr
0.538615670010032,0.228784656709109,0.229181000475984
nullptr
0.632486045399376,0.276473101098413,0.129497928481082
nullptr
nullptr
nullptr
0.672267271458549,0.294751686345827,0.275739992656144
0.504805996254497,0.299105328942827,0.259366904743678
nullptr
nullptr
nullptr
0.69594299029845,0.014076343920115,0.0148293340167173
nullptr
nullptr
0.546653229223465,0.106878803151851,0.685645447172963
0.532889217175334,0.0427352102325328,0.770711138320224
0.475902866477148,0.0252911299697921,0.517059732670409
0.42697185510926,0.00649722920424856,0.456025235188007
0.39794738247787,0.0326028777099676,0.45533236837641
nullptr
nullptr
0.481187029454651,0.017613607823064,0.422044748396559
nullptr
nullptr
0.418828371638205,0.0197020163049335,0.693472167227135
nullptr
0.486427694595208,0.0244584360011008,0.741739742147729
nullptr
nullptr
0.459685562570117,0.191348823896643,0.495427441222246
0.467971839034004,0.252666599456327,0.351692861557093
0.466306190491842,0.0459262586137635,0.340526740750247
nullptr
0.465524117723098,0.0628538526119669,0.413746685668037
0.388502427057004,0.296666354576225,0.366059589157651
nullptr
0.426743426329601,0.102225477544753,0.343975506128218
nullptr
nullptr
0.439671217355069,0.0758890211647543,0.443413381626767
nullptr
nullptr
0.542862754053441,0.213230135170245,0.493923766468164
0.523083396278608,0.156782025894561,0.363248814950541
nullptr
0.487146966269299,0.122170470080846,0.376418832048461
nullptr
0.495000869696468,0.057140826474499,0.404508497434676
nullptr
nullptr
0.526611495864665,0.274114769823269,0.416252861032254
nullptr
nullptr
0.475549188961242,0.0483405839031867,0.694424555211631
0.388614977905811,0.185918085953608,0.685903534363257
0.438148977818572,0.138914331700132,0.594089966919311
nullptr
nullptr
0.470005529939023,0.263919075186332,0.517866467645347
nullptr
nullptr
0.494635010599183,0.2358851523622,0.704932912227952
0.501527192029651,0.111137562619617,0.573108697720877
nullptr
0.521350770222111,0.114554620637616,0.70211585634918
nullptr
nullptr
nullptr
0.551511422211054,0.202534047754415,0.515592436922926
0.637800802571304,0.1805522404557,0.338641610481555
0.603890383947494,0.169651066727221,0.302015771001265
0.580293262110696,0.201165330719826,0.331101421037044
0.561521681425119,0.173701750235732,0.319264344786125
nullptr
nullptr
nullptr
0.636997255571816,0.12262263473741,0.320327029944855
0.647315030214517,0.0829367226627377,0.311839813355022
nullptr
nullptr
0.670848626826988,0.179572313538213,0.317926173394974
nullptr
nullptr
0.624557355036217,0.183066511312714,0.466026998998085
0.567088448352039,0.041508827191673,0.763963527870113
0.591020391983559,0.0200166711571558,0.36550371779563
nullptr
0.599333099703655,0.0407425281080744,0.754250956707191
0.570391025063555,0.00989219331672964,0.772566320003158
nullptr
nullptr
nullptr
0.596086776810319,0.132857499149254,0.763015893668761
0.609190800111788,0.141267301355865,0.544995626280009
0.591423168175627,0.144854223854303,0.723664629393783
0.565148873460092,0.0977052902895441,0.582729770686933
nullptr
nullptr
nullptr
nullptr
nullptr
0.672926525457057,0.0901957376011099,0.752623314386774
nullptr
0.653457410230001,0.149571042699369,0.653473982570106
0.671542518014944,0.13044735833958,0.573068136685745
nullptr
nullptr
0.687347342160524,0.105188629352094,0.671216056692674
nullptr
nullptr
0.675793237853801,0.211470305028479,0.778299362034152
0.612025685393396,0.230997598704911,0.670545851422548
0.576490947237947,0.304239119565479,0.38106010776189
0.567718908480807,0.208356786104757,0.537421233868863
nullptr
nullptr
nullptr
0.688804865087632,0.246459076520279,0.654274536612562
0.699437385509611,0.243954398522554,0.642650424898228
nullptr
nullptr
0.638307890477028,0.29467567548779,0.515271111276238
nullptr
0.654205632498035,0.265253242091286,0.770156654418093
nullptr
nullptr
nullptr
0.530611396847517,0.341091906795873,0.578454048113725
0.52369497759174,0.333539754780212,0.477399876681062
0.501173036629593,0.349820650654395,0.326720420496867
0.435027460024284,0.3082058635208,0.421526947850323
0.470850574501681,0.314379074863412,0.0149400479306524
nullptr
nullptr
nullptr
0.457606082070504,0.391778016019489,0.138259720709144
0.406397084989031,0.386487471472061,0.130137910098188
nullptr
nullptr
0.464900036771503,0.363365649372145,0.18822106283856
nullptr
0.506166376133124,0.356607067948952,0.49231646561638
nullptr
nullptr
0.640692205018516,0.328604162428795,0.037867842987919
0.699073853951971,0.310288907748128,0.17847991070703
nullptr
nullptr
0.548169594599986,0.382345232224731,0.0889379893172573
0.574099248772299,0.33681047853843,0.0205412634282485
nullptr
0.679152252960318,0.342996176804801,0.00177096858291459
nullptr
nullptr
0.5650694256015,0.331997166822335,0.270981653935529
0.552521488074541,0.388766824734499,0.474298597936692
nullptr
nullptr
nullptr
0.521657280732604,0.357382279721844,0.674548636645279
0.472289796984781,0.350663888921324,0.662048708217575
nullptr
0.477537700737079,0.368590376310432,0.619028452533196
nullptr
nullptr
0.613854299167737,0.349223488689253,0.590909217626142
nullptr
0.619751519083116,0.390738172402996,0.709584892160428
nullptr
nullptr
0.820273069532441,0.159257097288325,0.274477393906067
0.762308251459806,0.124303259090163,0.714827822208044
0.94905059575476,0.106670612714444,0.29796675350364
0.830489708782261,0.158000387638785,0.688838387108354
0.731324090866586,0.0650405382748193,0.696223540318557
0.742995914759119,0.0674328774597208,0.111245271279394
0.717122301100974,0.0954298363453436,0.256719295079178
0.710617695866477,0.0465975648672298,0.567803131391112
0.731249584066285,0.0144598862902395,0.0526316521342139
nullptr
nullptr
nullptr
0.730087100221913,0.114756663610487,0.0503326746021571
nullptr
0.742621174579358,0.150453384109946,0.66050097731667
nullptr
nullptr
0.915333280818349,0.0451033689254191,0.175023092135439
0.794247741289738,0.0264761180287326,0.297071110013986
0.886031219621639,0.00195848052028336,0.0754557364744974
0.812209734128558,0.00414308818967857,0.291112008594206
nullptr
0.804519963677888,0.0198055777173185,0.289306237670885
0.872809288796564,0.0170607864512011,0.19525792547167
nullptr
nullptr
nullptr
nullptr
0.836289942767964,0.0287424951601483,0.639219246596237
0.778090140082973,0.0034625799977327,0.488287760790712
nullptr
0.793295915574647,0.030615587533931,0.435647718720001
nullptr
nullptr
nullptr
0.839222513128686,0.138102481855868,0.211665947792644
0.947912762396387,0.0717660950413601,0.0416574381439231
0.946604110721079,0.07870120099672,0.0552264430180651
0.810037652950328,0.0576338531919919,0.0473386835576802
nullptr
nullptr
0.782063803569434,0.0975979718311654,0.0901578480154893
nullptr
0.794408559514329,0.109915545747837,0.20703917673912
nullptr
0.897821234614382,0.0846385956440145,0.141517982935111
nullptr
nullptr
nullptr
0.910490946125471,0.121842839955159,0.470679110623347
0.824173685171521,0.0946519511998435,0.689468158613636
0.751232173614174,0.0476616714150135,0.276049461745546
nullptr
0.769817466877217,0.0668277521268156,0.403510389011507
nullptr
0.90767165626577,0.0794657702708474,0.673943684864652
nullptr
nullptr
0.850263845436695,0.0957746773233407,0.374261684402355
nullptr
0.896209399330377,0.117597707425728,0.382062569814691
nullptr
nullptr
0.937303725722152,0.155202280955175,0.356860194016498
0.937623023288129,0.147501468451276,0.666777156959502
0.916080065491592,0.0789217765038508,0.284408840397026
nullptr
nullptr
nullptr
nullptr
0.760258061958246,0.0216053154666545,0.70690672797335
nullptr
nullptr
nullptr
0.972172744066069,0.109588299421949,0.505444105576792
0.99615419000133,0.045930042395689,0.424161080433143
0.956594166868751,0.0897408385322186,0.195104985535123
nullptr
nullptr
nullptr
0.996531012403185,0.125549651227103,0.635831085830244
nullptr
nullptr
0.797717192159603,0.136185965824508,0.766369390793809
nullptr
0.855786119398569,0.0955663620259718,0.780592657728105
nullptr
nullptr
0.866070172948367,0.177161758899655,0.505287024138852
0.94215680422108,0.321429580502366,0.246985334294337
0.838408701352466,0.28639404647777,0.0416772891217287
0.834210600373118,0.197194262058848,0.0305083747457906
nullptr
0.791674330980475,0.236495954492022,0.104616241136761
0.790031804986288,0.165212039884273,0.209385770686221
nullptr
0.766093912547891,0.275671954327085,0.271438165235285
nullptr
nullptr
0.845785801409091,0.28293491532869,0.0424239925731783
0.816712048105492,0.266272546727528,0.14631945186367
0.861415776504189,0.274726324607692,0.111103309106537
0.815334312963042,0.189331553459011,0.0639443821398763
nullptr
nullptr
nullptr
0.798714117910414,0.280499112248158,0.395409007349912
0.797153902179713,0.263897816567419,0.447834620716653
nullptr
nullptr
0.872964949881234,0.264449580355245,0.36301193890897
0.80818457690715,0.229538776092476,0.19916289679573
nullptr
0.819859506138631,0.178023252968104,0.410887978760541
nullptr
nullptr
nullptr
nullptr
0.937470680946378,0.334601430904983,0.496022276992008
0.868436046821653,0.334707851092714,0.27844072457525
0.853607612757546,0.374052592063477,0.242452895527227
0.77643715704307,0.351053791654191,0.0696089072268201
nullptr
0.72625287057207,0.31422361361446,0.220854451880253
nullptr
0.84268640737854,0.298196470762104,0.216840566223106
nullptr
0.809555661368722,0.344055269436719,0.152195609726711
nullptr
0.795914044386859,0.324324892356665,0.374215768764184
nullptr
0.860268902233152,0.34445398785151,0.463449763072903
nullptr
nullptr
nullptr
0.912944513248081,0.377048598061398,0.493117105517286
0.941710088381784,0.28929349982554,0.458375431832263
0.93252868337777,0.327131250256327,0.152344390509446
nullptr
nullptr
nullptr
nullptr
0.785329500541428,0.306866628633693,0.50421515691497
nullptr
nullptr
0.95580100351093,0.343818046194475,0.0208505265334586
0.99769232693312,0.221779934594844,0.111650434003542
0.996876717312718,0.168448058293563,0.0798154791254173
nullptr
nullptr
0.964308994046286,0.183343200274913,0.215842089537323
0.958684848256037,0.174567603577894,0.24715397216639
nullptr
nullptr
0.981834194803785,0.225224311262227,0.25747244198775
nullptr
0.973031309497009,0.313360291304546,0.13302944034305
nullptr
nullptr
nullptr
0.78065457537836,0.2280199778086,0.571632267938499
0.766210369115449,0.183035434425159,0.661909675307289
nullptr
0.722570863946191,0.232112208332795,0.63206569954977
nullptr
0.766056708844096,0.276859284902233,0.690498740488551
nullptr
0.771858504155658,0.282868412753304,0.786079254561836
nullptr
nullptr
0.933729715379315,0.367360061334062,0.585508560877487
0.830028183642286,0.194299675453635,0.758973103567474
0.794403138536279,0.267584910654546,0.51509684531665
nullptr
0.894026962142962,0.351684692854754,0.600115116701002
0.960330520641851,0.326699056354231,0.533765968577039
0.811943554099649,0.348809112533041,0.517538592407747
nullptr
0.819264332124308,0.290961602775726,0.513435389290885
nullptr
nullptr
0.916219874784987,0.278557848383103,0.669481908212511
0.882871128736156,0.274354666836555,0.732337769129111
0.861392284706889,0.266487718293545,0.683568737017892
nullptr
nullptr
0.82221967501448,0.341562288633676,0.748579068340552
nullptr
nullptr
0.97873366973567,0.312758970131724,0.708697141766462
0.981162395991676,0.197170536945562,0.718295613837
0.959676852057135,0.274885143168665,0.697621974102494
nullptr
0.990157286633812,0.244108163331423,0.596340465075632
nullptr
nullptr
nullptr
nullptr
0.974416502297407,0.357549851194948,0.727440005067527
nullptr
nullptr
nullptr
nullptr
0.615495573888771,0.14072660372892,0.940671702323832
0.395321352996825,0.00118671407996007,0.927634421380232
nullptr
0.464364181211042,0.216738353650118,0.988182084988747
0.55174486657212,0.327107797123185,0.959985294725572
0.417096418961613,0.0614932138478564,0.813644691243848
0.430715371315471,0.0381253019331551,0.975694545153645
nullptr
nullptr
0.39001173855214,0.298213361624128,0.949477661250722
0.401303093816786,0.185432040071214,0.84264402221276
0.388093232106229,0.27878343987557,0.823281693567716
0.384791158318876,0.0711981722877912,0.921909796621976
nullptr
nullptr
nullptr
0.478554974812061,0.317454414273643,0.907881802741788
0.436712626890242,0.216701313938063,0.910989830612437
0.524257195987343,0.0947254002804224,0.860532474104479
0.450074573906998,0.228767121962163,0.885693824804914
0.415781708377315,0.161426040340061,0.892512891575807
nullptr
nullptr
0.402376461253822,0.233020133009048,0.850058806418352
nullptr
nullptr
nullptr
0.417484580756661,0.0970239016260724,0.932328652029573
nullptr
nullptr
nullptr
0.392154199196871,0.230377824363278,0.981657990287341
nullptr
0.455533492190957,0.151829013228642,0.973803688110619
nullptr
nullptr
0.603346701718235,0.313655249956032,0.861963953831022
0.578493411802641,0.196592653054326,0.833752258802157
nullptr
0.609544256067765,0.226861112409351,0.921084184090705
0.579595567269595,0.172825044643515,0.956705667598061
nullptr
nullptr
nullptr
nullptr
nullptr
0.793698954739179,0.061538371610007,0.820872805360822
0.741645504538724,0.00118469567754098,0.948656438329619
0.663315214400962,0.0128431256024694,0.88204001111559
nullptr
nullptr
0.924146155951452,0.0424970790826027,0.968684701193308
0.653166847574187,0.0345286934825325,0.967865643040147
nullptr
nullptr
nullptr
0.92774335233553,0.222400179903893,0.996253138455063
0.848218077218373,0.391314933693805,0.945738298192492
0.752365598607147,0.348139610687606,0.956711141812069
0.815968195315091,0.192562363651745,0.902028237708797
0.686239038298407,0.253570910046583,0.810514902998932
0.657512076252206,0.108073831799079,0.892693083339677
0.670503935968297,0.0886339391666144,0.855918848198766
nullptr
nullptr
nullptr
0.796419810090493,0.158855212249454,0.83210495361005
0.778147217698038,0.0907706222271155,0.863298743573582
nullptr
nullptr
0.80205788470423,0.203608000540671,0.81622773288845
0.832407096059485,0.324452198481996,0.80205493245405
nullptr
nullptr
0.756687333668273,0.224898962132993,0.817730478798463
0.725290014776947,0.222735670045743,0.822064810274206
nullptr
nullptr
nullptr
0.829354004107554,0.324293961662833,0.976281680298363
0.793385490546624,0.234320910671844,0.954741995531925
0.753989846044243,0.200090761255038,0.908489631166872
nullptr
nullptr
0.778510178078873,0.336563536028078,0.904158668308277
nullptr
0.669997289110075,0.32994279930225,0.907466809438948
nullptr
nullptr
nullptr
nullptr
0.869665063122323,0.316844831084969,0.828522901640053
0.879573105889804,0.28525253905508,0.940817445810663
0.93547362920052,0.306538617498057,0.876491048194556
0.868065161324627,0.177141385994771,0.853106366182171
nullptr
nullptr
nullptr
0.872413665739565,0.147231358814079,0.981096520834332
nullptr
nullptr
0.900616581738963,0.386813645596646,0.926556298180714
0.89419233925354,0.329606140487487,0.810168469056935
nullptr
nullptr
0.955572734069216,0.36223569691267,0.976883728820209
nullptr
nullptr
0.764182529209245,0.0878115791273154,0.999207585897931
0.662185083527181,0.185649751626614,0.997169795238795
0.729683177175225,0.16007118471608,0.9983359609477
nullptr
nullptr
nullptr
0.783029490893776,0.362988328635927,0.999533523274567
nullptr
nullptr
0.402145129545265,0.536613336403429,0.53653321782537
0.410353637485743,0.818753079330906,0.0594143770303359
0.381606377054531,0.930095544417715,0.100415785501203
0.404393067809205,0.520051255191572,0.512760212901625
0.395112815304902,0.799439090503171,0.159186985034632
0.390741328667726,0.421044837938163,0.432388315997097
nullptr
0.39180347310391,0.772765772488078,0.344053326244892
nullptr
0.389379021837681,0.865644901505547,0.490661347414775
nullptr
nullptr
0.40718541356318,0.444465046191556,0.144887707884197
nullptr
nullptr
nullptr
nullptr
0.429201428643507,0.535069403901555,0.182313755248268
0.801836348708938,0.492831069379455,0.415758862462787
0.796185897181905,0.519133968831693,0.405154753357314
0.577688120226795,0.474175438868487,0.36000952033958
0.608016697184792,0.406631679121327,0.235987886138853
0.519644594061062,0.407138747737851,0.146365155520341
0.491703988634972,0.428156921745594,0.143375281400287
nullptr
nullptr
0.765000677161114,0.441901110454768,0.206918542669167
0.637517459507212,0.414010633834721,0.0289933852306401
nullptr
nullptr
nullptr
0.497501712997548,0.449915436750175,0.249539285754041
nullptr
nullptr
0.684119155601604,0.521038331738185,0.0957899164782035
0.452068384116189,0.505045285354472,0.0484389280799649
nullptr
0.754063633660506,0.524130794721474,0.0821022760897193
0.555656556646144,0.521203641567019,0.0741542402104797
nullptr
nullptr
nullptr
0.607162430474855,0.491767117300719,0.121631567783948
0.438098068253277,0.528173245358775,0.289125848485104
nullptr
nullptr
0.705284949474559,0.492911198491711,0.270117679556702
nullptr
nullptr
0.995061896699298,0.507848081188917,0.34416920233181
0.996008556369877,0.407703283854398,0.239073457102754
0.885790422274798,0.438884658984059,0.223173788026932
0.830251968271366,0.487283583118716,0.237205648398238
nullptr
nullptr
nullptr
0.966887157510276,0.44520878516529,0.33752473652442
0.873513744271911,0.454057180346666,0.332080761491524
nullptr
0.96091488898982,0.467504099277242,0.249813741805372
nullptr
nullptr
0.976784801381057,0.4691391655023,0.315368852982013
nullptr
nullptr
nullptr
0.886112007494354,0.470432633464581,0.473184288438468
0.494905365785214,0.393211000376642,0.437790653203946
nullptr
0.885521966431625,0.52576646855881,0.419156355855359
nullptr
nullptr
nullptr
0.461522018856571,0.829554073545772,0.152151688643051
0.555165172799865,0.551750559344713,0.0584367709149485
0.417597817915002,0.980013682091637,0.0491588799462974
0.472720969331276,0.963477323581925,0.0309762421995718
0.422565071468715,0.536059196202514,0.0271846494682988
nullptr
0.479309810151775,0.562758786713828,0.0162520015693461
nullptr
0.519857098094491,0.766607005249588,0.0287904015884622
nullptr
nullptr
0.555060622126525,0.720063450508905,0.0976463137386701
0.532724427531002,0.948824575805336,0.0603970835317702
nullptr
nullptr
nullptr
nullptr
0.625507998668092,0.852564161243834,0.0171751917629139
0.759425519400968,0.755400687708051,0.0381569374161257
0.975461701686778,0.712681074046409,0.0189906852584683
0.947018678881409,0.574225626250336,0.0111629842963777
nullptr
0.71004215121103,0.759361425048276,0.00726813185199005
nullptr
0.651095168960648,0.825352086032582,0.0236638226941588
nullptr
nullptr
nullptr
0.891886246211573,0.658102283706472,0.103897472471483
0.622495735864139,0.784420528454836,0.062292285500529
0.594969955267628,0.617557682360121,0.108255956195029
nullptr
nullptr
nullptr
0.905050134007834,0.630285460020688,0.0836760922378449
nullptr
0.931830942246177,0.683450945867547,0.0497856912422163
nullptr
nullptr
0.574551930456155,0.972397382505849,0.0175965227756093
0.831003303029787,0.89454631499771,0.0085751574317221
0.818443015454213,0.864829644476522,0.0129984811591908
nullptr
0.791915847301926,0.90314108395469,0.00586273540854987
nullptr
nullptr
nullptr
0.871053759030498,0.932815501661346,0.0484631194106202
0.819131149662376,0.982636599650398,0.143877962451924
nullptr
nullptr
nullptr
0.830609007809237,0.608091099874107,0.39117025439179
0.684433229861054,0.884756415684193,0.531358517117304
0.587774666811951,0.709198389792212,0.447269723332522
0.496417050331464,0.692261781669213,0.199581369185383
0.450917723194155,0.666568246670502,0.39872889458457
0.454634832096471,0.557113847861405,0.37199561915403
0.424404402173137,0.572633707366002,0.280334867328381
nullptr
0.450200182238268,0.536395128485569,0.342325730034968
nullptr
0.488889351971667,0.591204726287942,0.366569138842285
nullptr
nullptr
0.43741965350062,0.626669480110534,0.42804761126121
nullptr
nullptr
0.433389600717645,0.803322047593483,0.314524674083339
0.454861805974152,0.838662084289478,0.245127198887591
nullptr
nullptr
0.438184113311251,0.834234256751201,0.40376189116615
nullptr
0.460931031598976,0.740832693656832,0.353560374035125
nullptr
nullptr
0.644008448441705,0.824857093179958,0.260709289406607
0.509584972214576,0.785783181532444,0.431578473341632
0.665996363819825,0.560725065792996,0.314632676627645
0.513323694280776,0.822439245619206,0.208517061537449
0.561742890540534,0.587423793418074,0.238465500565167
0.662635086673057,0.801440275805354,0.168950852327629
0.520921988935373,0.71962945563681,0.226680308864818
0.583203938261929,0.645047873794619,0.174063614585687
nullptr
nullptr
0.567755836687015,0.751200708798407,0.186195682484997
nullptr
0.645488235972352,0.794708336359336,0.208811034256254
nullptr
nullptr
nullptr
0.547398646303683,0.566150998463484,0.272535594710068
0.526783288899008,0.564441903930642,0.334456490248832
nullptr
0.50626664612827,0.741054261092073,0.400890755337057
nullptr
nullptr
0.62392533109742,0.585117016486201,0.429136330648396
nullptr
0.654512314411913,0.600499675028759,0.428726642510791
0.645300495306695,0.664974755839812,0.348078534810268
nullptr
0.665702494777261,0.722945832843073,0.418310577726698
nullptr
nullptr
nullptr
nullptr
0.786756433826633,0.814075884157532,0.39468567815035
0.794212735632186,0.635327896791934,0.377260285242197
0.737856383166807,0.771861592512614,0.164606522698333
0.670025501421967,0.733067097457731,0.348883723321762
nullptr
nullptr
nullptr
0.758025906085698,0.768011657408819,0.416948601613098
nullptr
nullptr
nullptr
0.672072647067388,0.681969572128742,0.434139874558566
0.525365555222811,0.754390242608384,0.43982993787372
nullptr
nullptr
nullptr
0.55915139791952,0.838929502335775,0.163501608756525
0.545291862538028,0.827041114813093,0.160253925690058
nullptr
nullptr
0.664761376827712,0.883505051702034,0.256536024545399
0.524500239013823,0.834657086414153,0.283367732298849
nullptr
0.637762844787272,0.836950299596043,0.339756694251044
0.584172917095515,0.873509915987914,0.228995433427159
nullptr
0.617385316054477,0.846801124224719,0.209438483938349
nullptr
nullptr
nullptr
0.71802466086137,0.88040807672416,0.417947615660366
0.772673134395261,0.871940458284284,0.336707400715045
nullptr
0.7777974622317,0.867233462086802,0.379496749539788
0.764678734239108,0.871774756181892,0.40302171432497
nullptr
nullptr
nullptr
nullptr
0.547941748615302,0.846831060572487,0.449690378240678
0.543499597333033,0.883676965919539,0.528718122523639
0.497126498529071,0.644339314753366,0.508730243798131
0.458766751053043,0.64140717578774,0.472344277091527
nullptr
0.535057472473115,0.664723993435264,0.469137558804193
nullptr
nullptr
nullptr
nullptr
0.787500654553347,0.701363619969999,0.47381178499355
0.781745410281323,0.611459417120142,0.499781689233214
nullptr
nullptr
0.721815746280328,0.777002497979954,0.4706720140738
nullptr
0.771634505153471,0.833586105417856,0.501417278857185
0.556961143728322,0.848042896937214,0.490021480784712
0.702284421566642,0.806144237566347,0.503110236009246
nullptr
0.765235037194485,0.811228383164875,0.531699344831215
nullptr
nullptr
nullptr
nullptr
0.563388252270009,0.911696303789703,0.45678515785225
0.475175125904929,0.903934193022487,0.424501523713347
0.433877600707585,0.902051512615919,0.436699615228875
0.41065293818702,0.899738376274818,0.266054445298882
nullptr
nullptr
nullptr
0.56682204910958,0.990319175816312,0.162817032187183
0.615215002017245,0.95330696121829,0.157860016965499
nullptr
0.598609002326269,0.979736061115071,0.447911879437302
0.530099398469065,0.980693417219073,0.165504980422093
0.511850410689095,0.960443450479109,0.332044581955952
nullptr
0.482439490410308,0.960603432072807,0.376003615820678
nullptr
0.493561270348064,0.913988859581797,0.392892625235953
nullptr
nullptr
nullptr
0.686968865162137,0.961759833990303,0.183411438252667
0.644180030994038,0.893243859378089,0.284563517879359
0.746758513797846,0.922466151947303,0.258770648663865
nullptr
0.78191814305469,0.94561635754579,0.205479931165975
nullptr
nullptr
0.604795286835835,0.901932584027631,0.401673898677902
nullptr
nullptr
nullptr
0.826130488186889,0.994077017871026,0.19606043368701
nullptr
nullptr
0.647793727165191,0.955764459478844,0.522785636058013
0.527067055887395,0.983149841935542,0.473523754244746
nullptr
nullptr
nullptr
0.941902534149479,0.666044742523001,0.246010772514709
0.967787995723987,0.632947715093888,0.273589404280288
0.95942326402797,0.595975349201651,0.226119843706823
nullptr
nullptr
0.865233374005638,0.597661637776851,0.380213716603549
nullptr
0.967457842845666,0.643062762359362,0.461619805043535
0.973220532637705,0.573737959980039,0.288080097298454
nullptr
0.996123782193137,0.628767063214414,0.476060026090346
nullptr
nullptr
nullptr
0.981325590902215,0.891903737523457,0.325777814079279
0.933959941627333,0.928689125960634,0.229858856680581
0.891707009619425,0.819730405050248,0.201515024336044
0.916015468923403,0.778887466027016,0.311439737535692
nullptr
nullptr
0.929925186753481,0.827665150543626,0.171504377201589
nullptr
nullptr
0.958885348888967,0.75125575429381,0.305365002145415
nullptr
0.987640156501955,0.891644568669707,0.313760632574968
0.957552840622135,0.867017308623487,0.194507940473157
nullptr
nullptr
nullptr
0.931860813998859,0.981012174180037,0.377870882629909
0.916107264853097,0.928864552368778,0.336713595954574
0.917135685632847,0.754058385059853,0.532195079031765
0.874815190707527,0.72144030394681,0.333163712874351
nullptr
nullptr
nullptr
nullptr
0.968120475485976,0.783355159291748,0.36105885273752
0.948820909615878,0.685433513278387,0.331701641535402
nullptr
nullptr
0.933272315266713,0.939364322050196,0.362379240014279
nullptr
nullptr
0.885099761780527,0.848954267897934,0.941256049515754
0.653060951292511,0.759568774290171,0.562935024432752
0.443408278206055,0.614127901260126,0.70424397172936
0.656018245935385,0.524722145170973,0.633531410281643
0.464036780931769,0.753898076176962,0.65839895217994
0.397722043751891,0.651889003312924,0.540302901827608
nullptr
0.520974043122991,0.438170567115115,0.559061416170307
0.42714077718228,0.521338308410915,0.584680172191671
0.518435930496504,0.39540853070254,0.632494629466815
nullptr
nullptr
nullptr
0.568068835112383,0.471303860838339,0.650101786293395
0.606937190388593,0.461788020213383,0.593580045750282
nullptr
nullptr
0.611890842134839,0.488368984475945,0.669977042584398
0.602037516125044,0.738205982388574,0.595381568979628
nullptr
0.615019896077307,0.667844182997435,0.600452356800603
nullptr
nullptr
nullptr
nullptr
0.868685779879821,0.689004979845792,0.665787443061926
0.792622697663621,0.602879317100089,0.545333446284594
nullptr
0.818489877822959,0.478816769946152,0.644800334813561
0.751729092285666,0.556557667405252,0.686072740972489
0.692845507780283,0.547622392020184,0.612695179079694
0.687897887325468,0.39409254059081,0.601613638812186
nullptr
nullptr
0.761030644779795,0.425371040596581,0.651905954192915
nullptr
nullptr
0.675185685443999,0.676381403136135,0.669436599550381
0.660122783229203,0.632999160696518,0.549127373763244
nullptr
0.720942427834058,0.600246493184123,0.657082816982728
nullptr
nullptr
nullptr
0.824559444805924,0.532134520743018,0.652930623376324
0.826694820518858,0.466158474931175,0.703266556147253
nullptr
nullptr
nullptr
0.742824968571869,0.745021711203476,0.65757631884549
0.76237597379945,0.750242308812277,0.641353467624607
0.707614477278015,0.757659371105574,0.634709403659355
nullptr
nullptr
nullptr
nullptr
0.389642483523136,0.533509502109832,0.908369301869526
0.383880844099479,0.418263527523949,0.747896173633566
nullptr
nullptr
0.596351432503709,0.68023040768964,0.855927412186454
0.599518999421417,0.467509472881499,0.954047418108375
0.654660631640093,0.53923734121635,0.811351219561645
0.45665039894847,0.434338515518132,0.878691227453851
0.480110171058562,0.430076622651936,0.944911810058825
nullptr
nullptr
0.639332957360691,0.568422093838885,0.882756359592939
0.509569195244223,0.607971434594064,0.87348398896356
0.488588173837099,0.509227865208231,0.76187112433131
nullptr
nullptr
0.629172977424894,0.440846977340546,0.745682393383575
nullptr
0.605536103792657,0.634551179763999,0.757395769090544
nullptr
0.544692413349016,0.502470945617451,0.869393817120071
nullptr
nullptr
0.55412082244678,0.494695633572672,0.903616333974604
0.448034491101098,0.458673758844485,0.932975158799621
nullptr
nullptr
nullptr
0.878787142337043,0.646262942541304,0.891774270661599
0.825208667244122,0.583294540882022,0.788942214432575
0.819795234314412,0.463672781322586,0.754574043907409
0.812109491347892,0.491899635357199,0.785645239058642
nullptr
0.677755970020066,0.641839354764698,0.739889279348245
nullptr
nullptr
0.855295768365825,0.606024853786406,0.739232379623574
0.844160128705667,0.587483245327666,0.726971565256678
nullptr
nullptr
nullptr
0.73159036469937,0.623006315593586,0.913012618279385
nullptr
0.767559107006906,0.577725242007604,0.815151701228723
0.809774795466182,0.548188061348737,0.826769562223971
0.86070110178085,0.566007163449999,0.824443227264787
0.818304543049164,0.41071316700634,0.803682515845238
nullptr
nullptr
nullptr
0.880351994855042,0.427227871173531,0.933813739046706
nullptr
nullptr
0.87436248640664,0.63139174701657,0.820598511351388
0.774792260115904,0.642935184390464,0.800103545376932
nullptr
nullptr
nullptr
nullptr
0.655370934657147,0.530108597359987,0.957499519013882
0.636857731543398,0.645046711679069,0.981506968380757
0.470220249399843,0.640077675790649,0.999606762331791
0.647719810758883,0.572727417277484,0.971433127539647
nullptr
nullptr
nullptr
nullptr
0.678916231293558,0.651391387704152,0.972479061587013
0.660963142616473,0.516578512078931,0.968901264207381
0.762755529804241,0.414346572282283,0.956973919186043
nullptr
nullptr
0.813688585121749,0.597666332357497,0.998426594770448
nullptr
nullptr
nullptr
0.879587792710168,0.746736221509073,0.800118770366827
0.472126875560779,0.697274437867366,0.716089439643145
nullptr
0.517176239817217,0.755507985694884,0.766963074050382
nullptr
nullptr
0.884787459203464,0.741322807287441,0.818359893248922
0.561248612693367,0.700032966623496,0.952263331820576
0.407192140177763,0.691027630544132,0.890674890440579
nullptr
nullptr
0.861592290520846,0.713989902914982,0.847830134219973
nullptr
nullptr
nullptr
0.601417192082403,0.803539757687347,0.567064139205961
0.86367728577504,0.936144081813575,0.54678373876314
0.729495546692824,0.980383172066757,0.538581805965871
0.448428074157129,0.774282624544634,0.549262804562303
nullptr
0.738531221146683,0.793668535940981,0.562658229908084
0.51085258497692,0.958400498142853,0.556081101164897
nullptr
nullptr
nullptr
nullptr
nullptr
0.839233326477872,0.963721776803274,0.642492361485781
0.513033055887514,0.934861049086219,0.946799331655195
0.441658171124431,0.868261230712363,0.722222027580401
0.700470421792599,0.832025822508127,0.569525478579125
0.603099445571866,0.79266968972613,0.72146861351818
nullptr
0.62848046289341,0.916742991907281,0.670421604124514
0.590699022065943,0.826071228997976,0.65304513440744
0.442081779375053,0.882373218339909,0.620742116043943
nullptr
nullptr
nullptr
0.471843145429309,0.864191957369901,0.717187505286332
nullptr
nullptr
0.793952765479474,0.907988775239487,0.578345943090645
0.797972945536042,0.798038649183089,0.596749314480822
nullptr
0.810672623897811,0.840576759674225,0.692749332417696
nullptr
nullptr
nullptr
0.664955244372637,0.924353352027033,0.825586099261032
0.646078767426902,0.786975875226553,0.981456035897661
0.536062813263968,0.778278937410505,0.728353055404316
nullptr
nullptr
0.510230384893921,0.875193670666162,0.858564668189082
0.460850095560347,0.826131274664042,0.822517270188885
0.458641628372788,0.846664092123702,0.730674563639416
nullptr
0.441002554863253,0.897202365662575,0.798104829736854
nullptr
0.384719126607485,0.876676906343958,0.80141332879338
nullptr
nullptr
0.616452291660663,0.866021917961434,0.773202993049054
0.632235958628099,0.84675385935827,0.827347861597117
0.493947976502773,0.857694110607454,0.785232542880032
nullptr
nullptr
nullptr
0.521270023178652,0.897884578286235,0.760971579622579
nullptr
nullptr
0.521752981173045,0.840846422199254,0.996447525940453
0.439702782035414,0.90748793265313,0.871477307488615
nullptr
nullptr
0.541430418628852,0.875972149246996,0.867347136585159
nullptr
nullptr
0.749258913661596,0.904950848030432,0.924444678885384
0.667624367069712,0.862950144551363,0.842671503653926
0.778607256889587,0.77735016106463,0.828970365775543
0.693766235899861,0.815426073783565,0.754243914741752
0.749995248757408,0.803389922878729,0.779447911316348
nullptr
nullptr
nullptr
nullptr
0.803394999439165,0.841440218123186,0.990102139902887
0.762851612798715,0.827520720921842,0.900715505908552
0.780240515619601,0.789328440523068,0.985075626387793
nullptr
nullptr
nullptr
0.807469983939163,0.862398865579982,0.899664276728476
nullptr
nullptr
nullptr
0.584751682670293,0.954089465262852,0.901067740483059
0.800211494468689,0.994763286979272,0.873911793121122
0.541298917187221,0.990706176100427,0.722940477090007
0.73406186134062,0.96817098529072,0.737666285652717
0.769589073467257,0.948661058897012,0.619270909478123
nullptr
nullptr
0.630708255594007,0.969900058670911,0.745113532826953
nullptr
nullptr
0.660625298304486,0.992597580605576,0.767579051907256
0.762340910509653,0.993600237705828,0.736911399151754
nullptr
nullptr
nullptr
nullptr
nullptr
0.849157924067023,0.848137793496379,0.735045512893634
0.861105099530675,0.798786715043477,0.610280104890087
nullptr
0.88357813733358,0.775185408737933,0.915924632896321
nullptr
nullptr
0.873051765307172,0.962437424527624,0.98675987651156
0.877608425770388,0.978504167012305,0.77162659297836
nullptr
nullptr
nullptr
0.913092786302704,0.427238670414008,0.919848150552658
0.951503859261866,0.417216783166664,0.625146477989542
nullptr
0.943189416772094,0.419313556477495,0.778282457939113
nullptr
nullptr
0.960744242176811,0.683860770979521,0.995222114494128
0.903511231587691,0.56650948631004,0.633885772478959
0.899987773027375,0.988987513178439,0.939275689775315
0.895738164487335,0.759488016700498,0.635465686913753
0.902898801674918,0.705845209082752,0.580611214459655
nullptr
nullptr
0.887039065185239,0.760467446423768,0.925852726339994
nullptr
0.900143094906116,0.617952567950703,0.758514967530122
0.890632741416171,0.502878717094187,0.712103299741823
nullptr
nullptr
nullptr
nullptr
0.958491703741133,0.896329155508507,0.709874307139716
0.9439486864324,0.63400148485583,0.869765752646944
0.972335521157921,0.448159332573085,0.78349100704937
0.936420664908448,0.752315798191127,0.578324139208055
0.93446966154509,0.60970307887734,0.704523619935215
0.93850137316635,0.675707282112794,0.689463109434798
nullptr
0.971331844554455,0.485461997721951,0.613228903636287
0.953439272098072,0.478815083731295,0.637674676167626
nullptr
nullptr
0.968576392082263,0.597645424515221,0.542570394271531
nullptr
nullptr
0.958491663798409,0.556536226198245,0.825455719558434
0.90661100793624,0.58446404616512,0.803347256096431
nullptr
nullptr
nullptr
0.948713943265409,0.855253534207359,0.678270818800664
nullptr
0.956995422137133,0.827243748657149,0.706957583554124
nullptr
nullptr
0.986804245273401,0.519153515396477,0.848595284257998
nullptr
0.974957383550685,0.690500804261274,0.649380421907392
0.988967873712065,0.756617569023078,0.597794349332195
nullptr
nullptr
nullptr
0.960773642275319,0.865542060830199,0.888048760435857
0.930759786994137,0.605088187567635,0.95628871102344
nullptr
nullptr
nullptr
0.95502282630496,0.91249009140446,0.74758699250613
0.940760456196772,0.972313400248072,0.730983118137718
nullptr
0.981779376570231,0.958303980179533,0.649850013477512
0.994151565187693,0.955133661912204,0.628493016033676
0.943590597290331,0.938178781427768,0.543909295227095
nullptr
nullptr
0.992146453736299,0.948298890175597,0.730337871648243
nullptr
nullptr
nullptr
nullptr
0.968058938194474,0.639751110241753,0.995492121788863
nullptr
nullptr
