0.307687896091869,0.148601049182301,0.67584007448914, ,0.0486432533
0.686968865162137,0.961759833990303,0.183411438252667, ,0.0470110843
0.520974043122991,0.438170567115115,0.559061416170307, ,0.1017292038
0.389642483523136,0.533509502109832,0.908369301869526, ,0.05380756868
0.296426563979203,0.0921613885381808,0.95572466716491, ,0.04207717853
0.075836483515116,0.588562737670328,0.986712989310045, ,0.044503458
0.0254125240969637,0.778161714144159,0.127172535667072, ,0.04352277036
0.222922525335372,0.219806971935925,0.227251511571676, ,0.06591371493
0.836289942767964,0.0287424951601483,0.639219246596237, ,0.03886803475
0.647823836583161,0.0434122339162707,0.160823987545488, ,0.04460981645
0.948713943265409,0.855253534207359,0.678270818800664, ,0.04749465059
0.366022855834286,0.166050829196525,0.294407998164684, ,0.03147532986
0.454634832096471,0.557113847861405,0.37199561915403, ,0.06102044249
0.0332197821818395,0.463806073765533,0.870905613619345, ,0.01722652098
0.0332197821818395,0.463806073765533,0.870905613619345, ,0.08445793913
0.407192140177763,0.691027630544132,0.890674890440579, ,0.0525018418
0.604795286835835,0.901932584027631,0.401673898677902, ,0.07140402384
0.435027460024284,0.3082058635208,0.421526947850323, ,0.04679398137
0.73159036469937,0.623006315593586,0.913012618279385, ,0.06446992462
0.705284949474559,0.492911198491711,0.270117679556702, ,0.09778562646
0.234176233741903,0.164452617133228,0.740476976507164, ,0.04210958227
0.764182529209245,0.0878115791273154,0.999207585897931, ,0.080995913
0.616452291660663,0.866021917961434,0.773202993049054, ,0.06037982789
0.929925186753481,0.827665150543626,0.171504377201589, ,0.0396095895
0.759425519400968,0.755400687708051,0.0381569374161257, ,0.0690248136
0.521350770222111,0.114554620637616,0.70211585634918, ,0.04030921967
0.251034999877782,0.0574361715205672,0.74613810816366, ,0.08975360832
0.363097361428136,0.367251014104268,0.596751499710106, ,0.05645048354
0.765235037194485,0.811228383164875,0.531699344831215, ,0.04480819841
0.975461701686778,0.712681074046409,0.0189906852584683, ,0.1025402128
0.605536103792657,0.634551179763999,0.757395769090544, ,0.04913705022
0.872964949881234,0.264449580355245,0.36301193890897, ,0.06322682942
0.344127559177891,0.970725128512096,0.938879109196968, ,0.03198094286
0.762755529804241,0.414346572282283,0.956973919186043, ,0.05912928027
0.793385490546624,0.234320910671844,0.954741995531925, ,0.03524205562
0.335878004176493,0.450443533848448,0.441997007050542, ,0.05986417968
0.201715527752516,0.43153418722248,0.905971233114495, ,0.02964507913
0.0850234948297318,0.160542459836023,0.0388951460140624, ,0.02627164262
0.424404402173137,0.572633707366002,0.280334867328381, ,0.06796640463
0.16973880787735,0.529805539857127,0.629642578725978, ,0.07280014096
0.551511422211054,0.202534047754415,0.515592436922926, ,0.03967333018
0.467971839034004,0.252666599456327,0.351692861557093, ,0.06059470802
0.886112007494354,0.470432633464581,0.473184288438468, ,0.06512063743
0.448428074157129,0.774282624544634,0.549262804562303, ,0.03857811328
0.596249337439681,0.0493759587898359,0.165219015605866, ,0.02814844203
0.771858504155658,0.282868412753304,0.786079254561836, ,0.04626807525
0.762851612798715,0.827520720921842,0.900715505908552, ,0.04499746559
0.218633580681822,0.312940088723015,0.595983100287006, ,0.04413866901
0.594969955267628,0.617557682360121,0.108255956195029, ,0.04270441523
0.639332957360691,0.568422093838885,0.882756359592939, ,0.02977859234
0.363577456199617,0.0407203638134114,0.221360279689177, ,0.05068498308
0.752365598607147,0.348139610687606,0.956711141812069, ,0.02894351447
0.244330326459418,0.867719421876006,0.0769452420783338, ,0.03235537977
0.232272499870416,0.3272627517268,0.300421254868312, ,0.07044799462
0.664955244372637,0.924353352027033,0.825586099261032, ,0.0421532185
0.240011451814813,0.79611970268648,0.210634226890321, ,0.0363829886
0.598609002326269,0.979736061115071,0.447911879437302, ,0.02192474801
0.252569280254603,0.286558402835944,0.796749661439815, ,0.04352508711
0.871053759030498,0.932815501661346,0.0484631194106202, ,0.02585688428
0.84268640737854,0.298196470762104,0.216840566223106, ,0.05574728003
0.342418629364734,0.457381641632891,0.235631808803512, ,0.06322010322
0.00295720723385207,0.966667141833842,0.919362863397318, ,0.05969161891
0.820273069532441,0.159257097288325,0.274477393906067, ,0.06431364108
0.189246821043838,0.418692892875808,0.522337312171678, ,0.04863011586
0.790031804986288,0.165212039884273,0.209385770686221, ,0.05946081566
0.441002554863253,0.897202365662575,0.798104829736854, ,0.03605456127
0.663315214400962,0.0128431256024694,0.88204001111559, ,0.08013976435
0.464036780931769,0.753898076176962,0.65839895217994, ,0.06558839867
0.392687834084715,0.109431966795412,0.059822571351507, ,0.05670103771
0.753989846044243,0.200090761255038,0.908489631166872, ,0.03883307451
0.766056708844096,0.276859284902233,0.690498740488551, ,0.03359803701
0.290181839110599,0.98814098867241,0.672030895280357, ,0.02586927694
0.0978648685642618,0.208688471535355,0.74141830904393, ,0.03217814292
0.71004215121103,0.759361425048276,0.00726813185199005, ,0.09930453765
0.609190800111788,0.141267301355865,0.544995626280009, ,0.04692422825
0.190172721735727,0.115576030955443,0.929215179517693, ,0.053676025
0.535057472473115,0.664723993435264,0.469137558804193, ,0.07026206268
0.73406186134062,0.96817098529072,0.737666285652717, ,0.07766783949
0.293898073873327,0.0438912830182681,0.530763506421205, ,0.04351697201
0.647823836583161,0.0434122339162707,0.160823987545488, ,0.08373403436
0.0168964892166978,0.447694773749174,0.409474172973761, ,0.04120428132
0.494905365785214,0.393211000376642,0.437790653203946, ,0.04910385231
0.225851449956246,0.0100903463275377,0.826664193508184, ,0.03858457067
0.749258913661596,0.904950848030432,0.924444678885384, ,0.05870979155
0.199309936720604,0.0780526245574292,0.416732536384826, ,0.05016842373
0.765000677161114,0.441901110454768,0.206918542669167, ,0.03913990166
0.662635086673057,0.801440275805354,0.168950852327629, ,0.0590233526
0.201715527752516,0.43153418722248,0.905971233114495, ,0.07020843058
0.0578732200643353,0.238354029180817,0.0881194010665693, ,0.05426295208
0.759425519400968,0.755400687708051,0.0381569374161257, ,0.1011042559
0.0129328750203385,0.775490336185279,0.347677302861846, ,0.04594514404
0.220854842223988,0.787179643324158,0.833640242203831, ,0.03612568348
0.943590597290331,0.938178781427768,0.543909295227095, ,0.1036853512
0.273850495611228,0.341870018699637,0.184641740286082, ,0.04482223341
0.12887972154027,0.170058141917409,0.399963479040312, ,0.0858699181
0.737856383166807,0.771861592512614,0.164606522698333, ,0.08077985848
0.0402761044451749,0.642099314949712,0.92662795060653, ,0.06215677046
0.066891857529515,0.0314930649602346,0.165783022448968, ,0.04966714083
0.594969955267628,0.617557682360121,0.108255956195029, ,0.1141033857
0.687897887325468,0.39409254059081,0.601613638812186, ,0.007356683383
0.343562026376202,0.948597270260074,0.931748235153865, ,0.05144917032
0.632235958628099,0.84675385935827,0.827347861597117, ,0.02545662665
0.591423168175627,0.144854223854303,0.723664629393783, ,0.06006812314
0.933959941627333,0.928689125960634,0.229858856680581, ,0.05292182473
0.257653124502796,0.425479391314313,0.250234608024789, ,0.08180810296
0.832407096059485,0.324452198481996,0.80205493245405, ,0.04662341516
0.0261755946930639,0.102356692956879,0.950630287800298, ,0.07279547018
0.512803285826436,0.0611680749316393,0.192938177358386, ,0.01899531712
0.608016697184792,0.406631679121327,0.235987886138853, ,0.02678853964
0.535057472473115,0.664723993435264,0.469137558804193, ,0.08554877983
0.495000869696468,0.057140826474499,0.404508497434676, ,0.01623498526
0.282636019644898,0.167718826130997,0.859584273437561, ,0.05085000911
0.188403966443919,0.883164439480937,0.508952470094912, ,0.04146221417
0.758025906085698,0.768011657408819,0.416948601613098, ,0.05270774976
0.478554974812061,0.317454414273643,0.907881802741788, ,0.03570125329
0.871053759030498,0.932815501661346,0.0484631194106202, ,0.03987336201
0.0643065141989659,0.664506137909638,0.344030696354573, ,0.01382950584
0.237549714134706,0.679889692563436,0.722446019940489, ,0.03322754392
0.958491663798409,0.556536226198245,0.825455719558434, ,0.02493460723
0.111750211123551,0.251305521841773,0.631290638939634, ,0.06391097
0.0983509314697365,0.11661754082168,0.0521176947871369, ,0.1095003683
0.92774335233553,0.222400179903893,0.996253138455063, ,0.08310308897
0.797972945536042,0.798038649183089,0.596749314480822, ,0.0531862176
0.601417192082403,0.803539757687347,0.567064139205961, ,0.04457921587
0.0660931559908532,0.738423542654962,0.173759520376099, ,0.05130032407
0.307687896091869,0.148601049182301,0.67584007448914, ,0.04668815112
0.72625287057207,0.31422361361446,0.220854451880253, ,0.07896606261
0.390741328667726,0.421044837938163,0.432388315997097, ,0.07288171618
0.220854842223988,0.787179643324158,0.833640242203831, ,0.1017988023
0.731324090866586,0.0650405382748193,0.696223540318557, ,0.03813268441
0.360913941926225,0.667501007474741,0.725625259527166, ,0.07243108126
0.815968195315091,0.192562363651745,0.902028237708797, ,0.02111708594
0.948713943265409,0.855253534207359,0.678270818800664, ,0.05430611472
0.607162430474855,0.491767117300719,0.121631567783948, ,0.0414751255
0.699073853951971,0.310288907748128,0.17847991070703, ,0.07899663571
0.577688120226795,0.474175438868487,0.36000952033958, ,0.08708994853
0.556906248754861,0.307406402854839,0.655257149335917, ,0.05299760381
0.531298525389999,0.246537408871205,0.0982585852503489, ,0.09034761011
0.671542518014944,0.13044735833958,0.573068136685745, ,0.06203473461
0.78065457537836,0.2280199778086,0.571632267938499, ,0.04269885418
0.175002042938845,0.808701005190036,0.106972922633502, ,0.0533779636
0.860268902233152,0.34445398785151,0.463449763072903, ,0.05502988765
0.455533492190957,0.151829013228642,0.973803688110619, ,0.05814954008
0.138994593400831,0.830697206298424,0.506848729494027, ,0.03364401179
0.547671217030482,0.393151147221352,0.0467197354249069, ,0.05266428161
0.284191067012456,0.841984382942054,0.163535945779529, ,0.0645703563
0.517176239817217,0.755507985694884,0.766963074050382, ,0.06259165384
0.705284949474559,0.492911198491711,0.270117679556702, ,0.09970622501
0.861415776504189,0.274726324607692,0.111103309106537, ,0.02679771282
0.791674330980475,0.236495954492022,0.104616241136761, ,0.07524092728
0.199309936720604,0.0780526245574292,0.416732536384826, ,0.03729774148
0.430022277350443,0.0890453231040103,0.146441589503064, ,0.06203692427
0.931830942246177,0.683450945867547,0.0497856912422163, ,0.05536328028
0.769589073467257,0.948661058897012,0.619270909478123, ,0.07715322897
0.545291862538028,0.827041114813093,0.160253925690058, ,0.07278093325
0.40718541356318,0.444465046191556,0.144887707884197, ,0.03765651145
0.267726326272701,0.431154813609356,0.0217520718198427, ,0.07408101241
0.491433717441916,0.2273853255455,0.042303066556677, ,0.03783348856
0.622495735864139,0.784420528454836,0.062292285500529, ,0.07981527041
0.470220249399843,0.640077675790649,0.999606762331791, ,0.05356308696
0.350323198278374,0.58420190117217,0.783886605480298, ,0.04367370969
0.596351432503709,0.68023040768964,0.855927412186454, ,0.07288131298
0.218428430050217,0.885725714139618,0.203791047858665, ,0.08091463144
0.226161387638613,0.0795247342744987,0.128508289736899, ,0.04944302397
0.947018678881409,0.574225626250336,0.0111629842963777, ,0.03176679923
0.86070110178085,0.566007163449999,0.824443227264787, ,0.05927147014
0.35810087800571,0.375513969380746,0.99029679078021, ,0.06734050162
0.894026962142962,0.351684692854754,0.600115116701002, ,0.05768550505
0.591020391983559,0.0200166711571558,0.36550371779563, ,0.07063949304
0.861105099530675,0.798786715043477,0.610280104890087, ,0.02510200174
0.742995914759119,0.0674328774597208,0.111245271279394, ,0.0596701444
0.580293262110696,0.201165330719826,0.331101421037044, ,0.0525012783
0.0272900658837899,0.882523068043127,0.839122249885684, ,0.07604795573
0.686239038298407,0.253570910046583,0.810514902998932, ,0.03496599949
0.0272900658837899,0.882523068043127,0.839122249885684, ,0.02303758567
0.0438289581800279,0.591735294620089,0.046798153509108, ,0.05422038779
0.891707009619425,0.819730405050248,0.201515024336044, ,0.05220502053
0.397722043751891,0.651889003312924,0.540302901827608, ,0.04241650542
0.916219874784987,0.278557848383103,0.669481908212511, ,0.05345617776
0.93547362920052,0.306538617498057,0.876491048194556, ,0.02023721131
0.16973880787735,0.529805539857127,0.629642578725978, ,0.06604472621
0.868065161324627,0.177141385994771,0.853106366182171, ,0.09996284603
0.759425519400968,0.755400687708051,0.0381569374161257, ,0.08872860971
0.267801663504791,0.538423718654952,0.872124994750952, ,0.04052742728
0.510230384893921,0.875193670666162,0.858564668189082, ,0.06438082146
0.378826628722966,0.146114723172123,0.129349686364328, ,0.0655907404
0.450917723194155,0.666568246670502,0.39872889458457, ,0.04643573426
0.235392883162053,0.640024932675311,0.821131406153747, ,0.03705573082
0.443408278206055,0.614127901260126,0.70424397172936, ,0.05951091063
0.180397795604741,0.0436403885271237,0.963273706307596, ,0.08291198057
0.175002042938845,0.808701005190036,0.106972922633502, ,0.05383636184
0.0578732200643353,0.238354029180817,0.0881194010665693, ,0.03914662597
0.521350770222111,0.114554620637616,0.70211585634918, ,0.03764517323
0.0753763631955537,0.187092207625852,0.722666338965864, ,0.03000266869
0.742824968571869,0.745021711203476,0.65757631884549, ,0.05874705508
0.967457842845666,0.643062762359362,0.461619805043535, ,0.08129334215
0.145519905690002,0.0254957151282781,0.205762275719754, ,0.06460492211
0.872809288796564,0.0170607864512011,0.19525792547167, ,0.02617241119
0.868065161324627,0.177141385994771,0.853106366182171, ,0.05849404288
0.752365598607147,0.348139610687606,0.956711141812069, ,0.04955779411
0.813688585121749,0.597666332357497,0.998426594770448, ,0.05540782713
0.460850095560347,0.826131274664042,0.822517270188885, ,0.05915391259
0.89419233925354,0.329606140487487,0.810168469056935, ,0.03357543435
0.916080065491592,0.0789217765038508,0.284408840397026, ,0.05076222851
0.0655298031992181,0.0661956272071677,0.571177990196282, ,0.05722995563
0.066891857529515,0.0314930649602346,0.165783022448968, ,0.02348323433
0.917135685632847,0.754058385059853,0.532195079031765, ,0.07636978346
0.0407722134830655,0.461925941567709,0.0502127014164349, ,0.04811303773
0.123212101982866,0.115446214563095,0.332704445566811, ,0.03562239064
0.937303725722152,0.155202280955175,0.356860194016498, ,0.03645803149
0.454861805974152,0.838662084289478,0.245127198887591, ,0.0588114992
0.879573105889804,0.28525253905508,0.940817445810663, ,0.05591701856
0.917135685632847,0.754058385059853,0.532195079031765, ,0.07605305945
0.475549188961242,0.0483405839031867,0.694424555211631, ,0.05559731097
0.0886907872713775,0.628409784189247,0.594887902608068, ,0.04015047369
0.887039065185239,0.760467446423768,0.925852726339994, ,0.06243059379
0.501173036629593,0.349820650654395,0.326720420496867, ,0.06109798172
0.599333099703655,0.0407425281080744,0.754250956707191, ,0.02683687417
0.513033055887514,0.934861049086219,0.946799331655195, ,0.0742788091
0.947018678881409,0.574225626250336,0.0111629842963777, ,0.03272798607
0.295197832647834,0.643662589914704,0.976801667439192, ,0.04695320824
0.705284949474559,0.492911198491711,0.270117679556702, ,0.02625335361
0.123212101982866,0.115446214563095,0.332704445566811, ,0.04174291636
0.917135685632847,0.754058385059853,0.532195079031765, ,0.07082739176
0.891707009619425,0.819730405050248,0.201515024336044, ,0.08210737597
0.547398646303683,0.566150998463484,0.272535594710068, ,0.07836464888
0.197149823795969,0.109395003063937,0.938973329338631, ,0.03800929432
0.878787142337043,0.646262942541304,0.891774270661599, ,0.04552097772
0.801836348708938,0.492831069379455,0.415758862462787, ,0.08539631946
0.959676852057135,0.274885143168665,0.697621974102494, ,0.04427568908
0.354253452474913,0.444297975782828,0.0965951769764338, ,0.04820131594
0.158322364434917,0.217470937563965,0.915769452830409, ,0.03993503808
0.761030644779795,0.425371040596581,0.651905954192915, ,0.06974866895
0.101600716711416,0.976437312734911,0.976679465726434, ,0.0546628511
0.818304543049164,0.41071316700634,0.803682515845238, ,0.06630555558
0.41065293818702,0.899738376274818,0.266054445298882, ,0.06354430048
0.913092786302704,0.427238670414008,0.919848150552658, ,0.06450879957
0.138959150038444,0.895179832355683,0.310171280455028, ,0.05494486168
0.591020391983559,0.0200166711571558,0.36550371779563, ,0.1165104592
0.525365555222811,0.754390242608384,0.43982993787372, ,0.07815963411
0.133116035214335,0.378724133108568,0.0644516572656004, ,0.04488986402
0.900616581738963,0.386813645596646,0.926556298180714, ,0.06009144941
0.544692413349016,0.502470945617451,0.869393817120071, ,0.06081677007
0.438098068253277,0.528173245358775,0.289125848485104, ,0.04194518779
0.591020391983559,0.0200166711571558,0.36550371779563, ,0.08680934381
0.450917723194155,0.666568246670502,0.39872889458457, ,0.02352300562
0.810037652950328,0.0576338531919919,0.0473386835576802, ,0.04558995159
0.665702494777261,0.722945832843073,0.418310577726698, ,0.03974504091
0.496417050331464,0.692261781669213,0.199581369185383, ,0.06377095317
0.0629404895886246,0.794871442912043,0.0832927506602368, ,0.06922804449
0.120924369020688,0.909127231300197,0.0481282173253567, ,0.04680397874
0.454861805974152,0.838662084289478,0.245127198887591, ,0.05845345949
0.684433229861054,0.884756415684193,0.531358517117304, ,0.03686203869
0.477537700737079,0.368590376310432,0.619028452533196, ,0.0571015202
0.790031804986288,0.165212039884273,0.209385770686221, ,0.04457269995
0.766056708844096,0.276859284902233,0.690498740488551, ,0.03559378584
0.237549714134706,0.679889692563436,0.722446019940489, ,0.05097604442
0.872809288796564,0.0170607864512011,0.19525792547167, ,0.04802292649
0.664955244372637,0.924353352027033,0.825586099261032, ,0.06943596217
0.916015468923403,0.778887466027016,0.311439737535692, ,0.06937631115
0.578493411802641,0.196592653054326,0.833752258802157, ,0.0784282713
0.236936068940033,0.379145029608878,0.88634642161108, ,0.07596627975
0.960773642275319,0.865542060830199,0.888048760435857, ,0.0708985086
0.324086395747589,0.120513722601047,0.550349220490238, ,0.09337236067
0.834210600373118,0.197194262058848,0.0305083747457906, ,0.06086572489
0.0238500390863244,0.456401058245476,0.587907795796142, ,0.04209364541
0.167708793100563,0.56709318509862,0.172721574619368, ,0.06171953186
0.0881163031597791,0.811455541312397,0.00694428820210691, ,0.04710917913
0.102341792249695,0.0639065708476939,0.667244050921643, ,0.07008274323
0.0261755946930639,0.102356692956879,0.950630287800298, ,0.0564267314
0.390741328667726,0.421044837938163,0.432388315997097, ,0.0636582841
0.45661348572468,0.297373628628525,0.214356976620949, ,0.07943930785
0.315155653741838,0.405249502269475,0.779755611670888, ,0.04836589189
0.424404402173137,0.572633707366002,0.280334867328381, ,0.05284848427
0.639332957360691,0.568422093838885,0.882756359592939, ,0.067133005
0.0850234948297318,0.160542459836023,0.0388951460140624, ,0.05869889244
0.293898073873327,0.0438912830182681,0.530763506421205, ,0.06558956073
0.360913941926225,0.667501007474741,0.725625259527166, ,0.05333686239
0.508850160859124,0.0200130038746352,0.13858718024282, ,0.08487041694
0.135608325764441,0.654244589579556,0.344789218515418, ,0.09093043686
0.603099445571866,0.79266968972613,0.72146861351818, ,0.06793663745
0.753989846044243,0.200090761255038,0.908489631166872, ,0.03273706324
0.943590597290331,0.938178781427768,0.543909295227095, ,0.04281137291
0.292820180930994,0.314645041648849,0.74087637397665, ,0.04945043595
0.792622697663621,0.602879317100089,0.545333446284594, ,0.0717187421
0.555165172799865,0.551750559344713,0.0584367709149485, ,0.0489073322
0.996531012403185,0.125549651227103,0.635831085830244, ,0.05987131031
0.26758400900685,0.762719042885664,0.526948438554858, ,0.06423181694
0.194293305610518,0.520810615634836,0.98815943772675, ,0.074181844
0.105567137267229,0.340392677635309,0.946993317074474, ,0.02665763407
0.123212101982866,0.115446214563095,0.332704445566811, ,0.04206901945
0.319307815716737,0.197261339248119,0.24761528951134, ,0.04798359915
0.667624367069712,0.862950144551363,0.842671503653926, ,0.02396032028
0.241948559855753,0.900793314862785,0.887142792602086, ,0.06073933731
0.479309810151775,0.562758786713828,0.0162520015693461, ,0.06299314268
0.0814511146257617,0.250854978922591,0.023822205910955, ,0.07013644218
0.86367728577504,0.936144081813575,0.54678373876314, ,0.04027599201
0.868065161324627,0.177141385994771,0.853106366182171, ,0.02326209254
0.541298917187221,0.990706176100427,0.722940477090007, ,0.07202170579
0.236980952684757,0.215107171249031,0.124583717461584, ,0.04159049581
0.801836348708938,0.492831069379455,0.415758862462787, ,0.04985855997
0.41065293818702,0.899738376274818,0.266054445298882, ,0.06683090607
0.761030644779795,0.425371040596581,0.651905954192915, ,0.05992230634
0.31976530771379,0.00892686666957854,0.122954061230652, ,0.03684355696
0.0550101389925947,0.923823076579452,0.722769214263664, ,0.05344673253
0.948820909615878,0.685433513278387,0.331701641535402, ,0.02488231712
0.311072310886992,0.157079653043759,0.945246589384866, ,0.03686927662
0.796185897181905,0.519133968831693,0.405154753357314, ,0.05955156207
0.136785521140193,0.731289570125078,0.493615613241461, ,0.03336085248
0.636857731543398,0.645046711679069,0.981506968380757, ,0.05420680224
0.342219303101263,0.026555298232176,0.830823809652647, ,0.03946429886
0.646078767426902,0.786975875226553,0.981456035897661, ,0.07425030617
0.0660931559908532,0.738423542654962,0.173759520376099, ,0.02598597629
0.882871128736156,0.274354666836555,0.732337769129111, ,0.05317979302
0.0550101389925947,0.923823076579452,0.722769214263664, ,0.07928257825
0.77643715704307,0.351053791654191,0.0696089072268201, ,0.03994137496
0.830028183642286,0.194299675453635,0.758973103567474, ,0.06625756668
0.644180030994038,0.893243859378089,0.284563517879359, ,0.04521040017
0.455533492190957,0.151829013228642,0.973803688110619, ,0.04082267389
0.464364181211042,0.216738353650118,0.988182084988747, ,0.01825957761
0.220854842223988,0.787179643324158,0.833640242203831, ,0.06354144485
0.603346701718235,0.313655249956032,0.861963953831022, ,0.07810524989
0.664955244372637,0.924353352027033,0.825586099261032, ,0.02457346112
0.951503859261866,0.417216783166664,0.625146477989542, ,0.07192536252
0.541430418628852,0.875972149246996,0.867347136585159, ,0.06665633888
0.801836348708938,0.492831069379455,0.415758862462787, ,0.05299787141
0.0630071685177133,0.270642325720074,0.470444452052098, ,0.03281952215
0.26003980777729,0.717247642424784,0.113503242440257, ,0.08387286002
0.168262381467537,0.939993267936848,0.133059129758497, ,0.05630283309
0.960773642275319,0.865542060830199,0.888048760435857, ,0.06860259575
0.194293305610518,0.520810615634836,0.98815943772675, ,0.05335924767
0.596351432503709,0.68023040768964,0.855927412186454, ,0.05296652819
0.941710088381784,0.28929349982554,0.458375431832263, ,0.03750530742
0.607162430474855,0.491767117300719,0.121631567783948, ,0.05861598247
0.584751682670293,0.954089465262852,0.901067740483059, ,0.05065174799
0.167870823372236,0.69977266455454,0.945537834218414, ,0.05358542481
0.772673134395261,0.871940458284284,0.336707400715045, ,0.0759934897
0.371936526296025,0.755381179816867,0.0772281218080693, ,0.01013121403
0.388093232106229,0.27878343987557,0.823281693567716, ,0.07214078066
0.149198598372254,0.524881539476154,0.826050107830472, ,0.02528801717
0.42714077718228,0.521338308410915,0.584680172191671, ,0.06159190637
0.144259465922055,0.57674214661258,0.812979962730304, ,0.02584302177
0.369348339179699,0.334778755983108,0.537980724058272, ,0.03377487478
0.544692413349016,0.502470945617451,0.869393817120071, ,0.04804492171
0.224248238389674,0.362566462332396,0.602866397809706, ,0.007566969072
0.868436046821653,0.334707851092714,0.27844072457525, ,0.02520373061
0.0993972997853326,0.674700811696825,0.0204531357067109, ,0.07386053409
0.941710088381784,0.28929349982554,0.458375431832263, ,0.05887894418
0.488889351971667,0.591204726287942,0.366569138842285, ,0.05002471223
0.637762844787272,0.836950299596043,0.339756694251044, ,0.02617891253
0.185423680669459,0.141281371461305,0.386442556362895, ,0.04523056132
0.766210369115449,0.183035434425159,0.661909675307289, ,0.01158065864
0.360913941926225,0.667501007474741,0.725625259527166, ,0.02354650275
0.811943554099649,0.348809112533041,0.517538592407747, ,0.02484420125
0.267801663504791,0.538423718654952,0.872124994750952, ,0.05117989849
0.21802721415354,0.0653524987985019,0.320819479699505, ,0.09853340713
0.250144045562782,0.619025995292294,0.381944287192862, ,0.04359125062
0.766093912547891,0.275671954327085,0.271438165235285, ,0.0430696441
0.849157924067023,0.848137793496379,0.735045512893634, ,0.05362034211
0.820273069532441,0.159257097288325,0.274477393906067, ,0.05304974819
0.488588173837099,0.509227865208231,0.76187112433131, ,0.07813988265
0.584751682670293,0.954089465262852,0.901067740483059, ,0.04927877877
0.136785521140193,0.731289570125078,0.493615613241461, ,0.04906985368
0.924146155951452,0.0424970790826027,0.968684701193308, ,0.05128153114
0.389642483523136,0.533509502109832,0.908369301869526, ,0.07218635989
0.794247741289738,0.0264761180287326,0.297071110013986, ,0.04762274957
0.133365873580874,0.231693198573235,0.118810799177129, ,0.0211448365
0.215590640276278,0.633579739407737,0.257870291978001, ,0.05100011972
0.235382336888116,0.343438847108746,0.78002292701074, ,0.05084188581
0.138959150038444,0.895179832355683,0.310171280455028, ,0.04662061792
0.194470464436047,0.739346118287181,0.0578526562729573, ,0.02475443717
0.524500239013823,0.834657086414153,0.283367732298849, ,0.06897281819
0.168262381467537,0.939993267936848,0.133059129758497, ,0.05153994466
0.687897887325468,0.39409254059081,0.601613638812186, ,0.04986071333
0.00914659599991119,0.234548871243293,0.316811870288813, ,0.06170884212
0.293206974960545,0.778913780184917,0.96254317568375, ,0.05219864879
0.212792830133108,0.585535154810107,0.134911646907036, ,0.06420444651
0.55915139791952,0.838929502335775,0.163501608756525, ,0.0446908422
0.0618538646618353,0.354838083789756,0.439666155111939, ,0.06627138566
0.644008448441705,0.824857093179958,0.260709289406607, ,0.07139971921
0.317355611252337,0.0184578122991182,0.984926836546604, ,0.03531560922
0.0438289581800279,0.591735294620089,0.046798153509108, ,0.04081978226
0.392687834084715,0.109431966795412,0.059822571351507, ,0.06480800801
0.187668872503877,0.43167264649995,0.757068256420659, ,0.06772147613
0.352354277272233,0.232272145154811,0.483913169020195, ,0.06437515418
0.737856383166807,0.771861592512614,0.164606522698333, ,0.07082831615
0.0850234948297318,0.160542459836023,0.0388951460140624, ,0.04328332808
0.660554552226325,0.116083408174701,0.102079382612276, ,0.04591087002
0.0577077916229156,0.760684320502237,0.626100002621353, ,0.05706608502
0.0578732200643353,0.238354029180817,0.0881194010665693, ,0.08350655897
0.464036780931769,0.753898076176962,0.65839895217994, ,0.06109261298
0.399840710518933,0.239873626607594,0.235812535206198, ,0.08780688857
0.78191814305469,0.94561635754579,0.205479931165975, ,0.05979446452
0.517176239817217,0.755507985694884,0.766963074050382, ,0.06828144084
0.460850095560347,0.826131274664042,0.822517270188885, ,0.04256134525
0.207479155651669,0.502065035584265,0.746483249672834, ,0.03135564186
0.561742890540534,0.587423793418074,0.238465500565167, ,0.04708857382
0.309662122239044,0.937466427085045,0.202616457777684, ,0.07508271423
0.495000869696468,0.057140826474499,0.404508497434676, ,0.0233860086
0.610422265671023,0.055628856220601,0.0835098679802264, ,0.1071463187
0.114508650243279,0.908499587564764,0.0229669359073412, ,0.08349128325
0.464900036771503,0.363365649372145,0.18822106283856, ,0.07300468194
0.933959941627333,0.928689125960634,0.229858856680581, ,0.05952557878
0.472126875560779,0.697274437867366,0.716089439643145, ,0.07263191006
0.487146966269299,0.122170470080846,0.376418832048461, ,0.02086240546
0.0241273484590363,0.981236676348256,0.893934852248935, ,0.02125919633
0.0983509314697365,0.11661754082168,0.0521176947871369, ,0.06582920835
0.684119155601604,0.521038331738185,0.0957899164782035, ,0.08910620926
0.547671217030482,0.393151147221352,0.0467197354249069, ,0.04368901805
0.0503482625941615,0.318552010488208,0.253481755127072, ,0.05466818258
0.436712626890242,0.216701313938063,0.910989830612437, ,0.03437477868
0.159422532418426,0.853540311487442,0.896983100769896, ,0.0704220814
0.665996363819825,0.560725065792996,0.314632676627645, ,0.0434413062
0.885521966431625,0.52576646855881,0.419156355855359, ,0.05536325492
0.282636019644898,0.167718826130997,0.859584273437561, ,0.05678372096
0.450917723194155,0.666568246670502,0.39872889458457, ,0.06334800266
0.410353637485743,0.818753079330906,0.0594143770303359, ,0.05554901884
0.894026962142962,0.351684692854754,0.600115116701002, ,0.0137783582
0.426743426329601,0.102225477544753,0.343975506128218, ,0.05766243821
0.224874713214445,0.61715228468743,0.0202184037875454, ,0.07479840595
0.248185499702277,0.378381965937201,0.280238282611518, ,0.05155770034
0.182870688086988,0.143750920290952,0.283814013340718, ,0.05297317321
0.390741328667726,0.421044837938163,0.432388315997097, ,0.04684977831
0.389642483523136,0.533509502109832,0.908369301869526, ,0.03345760133
0.662185083527181,0.185649751626614,0.997169795238795, ,0.0322941413
0.290900634749992,0.241057000678978,0.327296627370373, ,0.05936659445
0.568068835112383,0.471303860838339,0.650101786293395, ,0.07810912434
0.931830942246177,0.683450945867547,0.0497856912422163, ,0.05961614761
0.369348339179699,0.334778755983108,0.537980724058272, ,0.06966347073
0.508850160859124,0.0200130038746352,0.13858718024282, ,0.07300096467
0.273850495611228,0.341870018699637,0.184641740286082, ,0.07939831207
0.705284949474559,0.492911198491711,0.270117679556702, ,0.09269367637
0.275100031933023,0.224436551744742,0.593152453757293, ,0.03423942207
0.565148873460092,0.0977052902895441,0.582729770686933, ,0.03126534127
0.660122783229203,0.632999160696518,0.549127373763244, ,0.03167314755
0.729495546692824,0.980383172066757,0.538581805965871, ,0.1142067132
0.861392284706889,0.266487718293545,0.683568737017892, ,0.05456092949
0.0578732200643353,0.238354029180817,0.0881194010665693, ,0.0636719157
0.51085258497692,0.958400498142853,0.556081101164897, ,0.09155552545
0.240011451814813,0.79611970268648,0.210634226890321, ,0.07261518964
0.227514596191206,0.635885092102706,0.908312924384506, ,0.03160446888
0.113761378016727,0.814898565324128,0.230620965927477, ,0.01453617498
0.220945138082181,0.608433670829843,0.803669946906424, ,0.05498214891
0.660963142616473,0.516578512078931,0.968901264207381, ,0.04181934872
0.35810087800571,0.375513969380746,0.99029679078021, ,0.07261634908
0.879587792710168,0.746736221509073,0.800118770366827, ,0.07693661317
0.369348339179699,0.334778755983108,0.537980724058272, ,0.04782618689
0.947912762396387,0.0717660950413601,0.0416574381439231, ,0.04876021416
0.240011451814813,0.79611970268648,0.210634226890321, ,0.04943883874
0.520974043122991,0.438170567115115,0.559061416170307, ,0.09313541268
0.861415776504189,0.274726324607692,0.111103309106537, ,0.08909591959
0.778090140082973,0.0034625799977327,0.488287760790712, ,0.09798604343
0.521752981173045,0.840846422199254,0.996447525940453, ,0.06216476104
0.916015468923403,0.778887466027016,0.311439737535692, ,0.05286038349
0.355940401868751,0.515526860328069,0.579102827398116, ,0.07408371296
0.214077408040163,0.49049865533259,0.244903171666336, ,0.07081013767
0.752365598607147,0.348139610687606,0.956711141812069, ,0.04454229124
0.519857098094491,0.766607005249588,0.0287904015884622, ,0.03197610839
0.343010241095028,0.954029509436974,0.343708474322507, ,0.08011126708
0.363097361428136,0.367251014104268,0.596751499710106, ,0.06636760522
0.371936526296025,0.755381179816867,0.0772281218080693, ,0.05181342437
0.448034491101098,0.458673758844485,0.932975158799621, ,0.05698356624
0.872413665739565,0.147231358814079,0.981096520834332, ,0.07527110211
0.225498734834163,0.374146113346701,0.0691793710373536, ,0.07704175308
0.0660931559908532,0.738423542654962,0.173759520376099, ,0.04847581297
0.670848626826988,0.179572313538213,0.317926173394974, ,0.0382220856
0.429201428643507,0.535069403901555,0.182313755248268, ,0.07123945084
0.383880844099479,0.418263527523949,0.747896173633566, ,0.08440638097
0.0881163031597791,0.811455541312397,0.00694428820210691, ,0.06701826957
0.293206974960545,0.778913780184917,0.96254317568375, ,0.07107329943
0.86367728577504,0.936144081813575,0.54678373876314, ,0.09324652698
0.665996363819825,0.560725065792996,0.314632676627645, ,0.06121542844
0.653166847574187,0.0345286934825325,0.967865643040147, ,0.02119880142
0.343562026376202,0.948597270260074,0.931748235153865, ,0.05454560744
0.259657502973173,0.253709654779395,0.106962532874998, ,0.06074220043
0.797153902179713,0.263897816567419,0.447834620716653, ,0.07253824761
0.251312917827877,0.173985402678525,0.412658596149858, ,0.05008578676
0.608016697184792,0.406631679121327,0.235987886138853, ,0.06680175291
0.933272315266713,0.939364322050196,0.362379240014279, ,0.0654896141
0.778510178078873,0.336563536028078,0.904158668308277, ,0.05582033063
0.603890383947494,0.169651066727221,0.302015771001265, ,0.04285655397
0.14769367555104,0.00609255833250211,0.347993272142882, ,0.03193706297
0.493947976502773,0.857694110607454,0.785232542880032, ,0.01102116804
0.981325590902215,0.891903737523457,0.325777814079279, ,0.04017820205
0.972172744066069,0.109588299421949,0.505444105576792, ,0.1241086448
0.244330326459418,0.867719421876006,0.0769452420783338, ,0.06070782559
0.839233326477872,0.963721776803274,0.642492361485781, ,0.05032691693
0.766210369115449,0.183035434425159,0.661909675307289, ,0.03986978217
0.0624040403098969,0.959444107774528,0.118333899063101, ,0.07802510724
0.552521488074541,0.388766824734499,0.474298597936692, ,0.03605318017
0.524257195987343,0.0947254002804224,0.860532474104479, ,0.09749301032
0.0250016490675524,0.416046143689138,0.0185357277678659, ,0.02334957321
0.737856383166807,0.771861592512614,0.164606522698333, ,0.03989572387
0.583203938261929,0.645047873794619,0.174063614585687, ,0.04720364103
0.395112815304902,0.799439090503171,0.159186985034632, ,0.05967909018
0.897821234614382,0.0846385956440145,0.141517982935111, ,0.06313829068
0.688804865087632,0.246459076520279,0.654274536612562, ,0.06852201981
0.974416502297407,0.357549851194948,0.727440005067527, ,0.06036050865
0.352404846181083,0.474187745361536,0.321506852672235, ,0.06599370655
0.973031309497009,0.313360291304546,0.13302944034305, ,0.02333477146
0.0881163031597791,0.811455541312397,0.00694428820210691, ,0.037586149
0.477537700737079,0.368590376310432,0.619028452533196, ,0.06824893131
0.0993972997853326,0.674700811696825,0.0204531357067109, ,0.03602468964
0.616452291660663,0.866021917961434,0.773202993049054, ,0.04393747012
0.0967228278580005,0.245746888295733,0.793544485466443, ,0.02715310336
0.455533492190957,0.151829013228642,0.973803688110619, ,0.05763580921
0.869665063122323,0.316844831084969,0.828522901640053, ,0.03614423106
0.098264663140269,0.699473262570572,0.842986209514066, ,0.05036898712
0.521270023178652,0.897884578286235,0.760971579622579, ,0.05751375545
0.324086395747589,0.120513722601047,0.550349220490238, ,0.06567045479
0.933729715379315,0.367360061334062,0.585508560877487, ,0.02061595827
0.0415124828712342,0.861911165702877,0.227318426579014, ,0.02176795187
0.749258913661596,0.904950848030432,0.924444678885384, ,0.05474174163
0.749258913661596,0.904950848030432,0.924444678885384, ,0.02610353664
0.129590848613976,0.578285806162655,0.367601262621153, ,0.01907445135
0.872964949881234,0.264449580355245,0.36301193890897, ,0.06531087025
0.120661058995131,0.279966212425025,0.189874628032702, ,0.04009128101
0.232272499870416,0.3272627517268,0.300421254868312, ,0.042936092
0.71802466086137,0.88040807672416,0.417947615660366, ,0.04861712679
0.552521488074541,0.388766824734499,0.474298597936692, ,0.1252986394
0.51085258497692,0.958400498142853,0.556081101164897, ,0.02870113084
0.392687834084715,0.109431966795412,0.059822571351507, ,0.06232800284
0.251034999877782,0.0574361715205672,0.74613810816366, ,0.06601301014
0.32123696686632,0.78195647164835,0.355627359546104, ,0.07631253214
0.470850574501681,0.314379074863412,0.0149400479306524, ,0.02670322609
0.133297731136327,0.767580708462129,0.710149776995069, ,0.08301392699
0.769589073467257,0.948661058897012,0.619270909478123, ,0.07126368681
0.761030644779795,0.425371040596581,0.651905954192915, ,0.02110046053
0.40718541356318,0.444465046191556,0.144887707884197, ,0.04696943543
0.480110171058562,0.430076622651936,0.944911810058825, ,0.06984381782
0.584751682670293,0.954089465262852,0.901067740483059, ,0.113329536
0.275100031933023,0.224436551744742,0.593152453757293, ,0.05531496195
0.555060622126525,0.720063450508905,0.0976463137386701, ,0.08052218665
0.35953716636309,0.158276338584142,0.6033676127646, ,0.05502663678
0.232272499870416,0.3272627517268,0.300421254868312, ,0.06608913612
0.0837197259790988,0.860245469657068,0.375655367538715, ,0.05540217713
0.895738164487335,0.759488016700498,0.635465686913753, ,0.04072966329
0.687347342160524,0.105188629352094,0.671216056692674, ,0.03566130348
0.967457842845666,0.643062762359362,0.461619805043535, ,0.07140977119
0.284657868952515,0.354310050556087,0.401962423617162, ,0.05825334725
0.981162395991676,0.197170536945562,0.718295613837, ,0.06480888419
0.395112815304902,0.799439090503171,0.159186985034632, ,0.04916487036
0.472126875560779,0.697274437867366,0.716089439643145, ,0.06366549517
0.324954486670306,0.97862829380105,0.713250866986181, ,0.03597396955
0.407192140177763,0.691027630544132,0.890674890440579, ,0.110863379
0.183156821512731,0.791364522147206,0.686067855720854, ,0.02283305926
0.692845507780283,0.547622392020184,0.612695179079694, ,0.06794662163
0.0563548129759195,0.324949825915038,0.58877507709334, ,0.04473031481
0.352404846181083,0.474187745361536,0.321506852672235, ,0.03977796306
0.501173036629593,0.349820650654395,0.326720420496867, ,0.02926284174
0.179266302222631,0.843774700026253,0.70913651596987, ,0.06389521786
0.771634505153471,0.833586105417856,0.501417278857185, ,0.1033011046
0.561742890540534,0.587423793418074,0.238465500565167, ,0.02466929885
0.765235037194485,0.811228383164875,0.531699344831215, ,0.01765524286
0.930759786994137,0.605088187567635,0.95628871102344, ,0.06890895374
0.544692413349016,0.502470945617451,0.869393817120071, ,0.08170285695
0.182341983327534,0.367862755732792,0.316655431340321, ,0.05600830238
0.878787142337043,0.646262942541304,0.891774270661599, ,0.06869667638
0.781745410281323,0.611459417120142,0.499781689233214, ,0.07088638625
0.218428430050217,0.885725714139618,0.203791047858665, ,0.04726770307
0.0978648685642618,0.208688471535355,0.74141830904393, ,0.03052739024
0.95502282630496,0.91249009140446,0.74758699250613, ,0.05367329572
0.0577077916229156,0.760684320502237,0.626100002621353, ,0.07910880978
0.0983509314697365,0.11661754082168,0.0521176947871369, ,0.1017771657
0.439671217355069,0.0758890211647543,0.443413381626767, ,0.02891063683
0.751232173614174,0.0476616714150135,0.276049461745546, ,0.05190496487
0.886112007494354,0.470432633464581,0.473184288438468, ,0.06566596915
0.294697412278291,0.133086610231095,0.140767223316081, ,0.05041195834
0.576490947237947,0.304239119565479,0.38106010776189, ,0.0419422785
0.832407096059485,0.324452198481996,0.80205493245405, ,0.03934700718
0.567088448352039,0.041508827191673,0.763963527870113, ,0.04689629091
0.830251968271366,0.487283583118716,0.237205648398238, ,0.06044290847
0.313385175032494,0.341592044941928,0.0664580735776531, ,0.06429449876
0.32123696686632,0.78195647164835,0.355627359546104, ,0.03955167542
0.159422532418426,0.853540311487442,0.896983100769896, ,0.04969358182
0.524257195987343,0.0947254002804224,0.860532474104479, ,0.08727802877
0.610422265671023,0.055628856220601,0.0835098679802264, ,0.03097174785
0.105567137267229,0.340392677635309,0.946993317074474, ,0.08267631591
0.488889351971667,0.591204726287942,0.366569138842285, ,0.03083611761
0.383880844099479,0.418263527523949,0.747896173633566, ,0.05916590651
0.653457410230001,0.149571042699369,0.653473982570106, ,0.05604936834
0.363577456199617,0.0407203638134114,0.221360279689177, ,0.07674314394
0.0589584769285478,0.107701797956254,0.681817737221592, ,0.04976805328
0.120661058995131,0.279966212425025,0.189874628032702, ,0.04915794584
0.678916231293558,0.651391387704152,0.972479061587013, ,0.09705049821
0.96091488898982,0.467504099277242,0.249813741805372, ,0.0565949069
0.646078767426902,0.786975875226553,0.981456035897661, ,0.05609757262
0.12887972154027,0.170058141917409,0.399963479040312, ,0.08049957661
0.360913941926225,0.667501007474741,0.725625259527166, ,0.04460706803
0.975461701686778,0.712681074046409,0.0189906852584683, ,0.110296681
0.10464774719367,0.449304075589417,0.895737817256583, ,0.05606587781
0.646078767426902,0.786975875226553,0.981456035897661, ,0.05105479813
0.267801663504791,0.538423718654952,0.872124994750952, ,0.0289062083
0.951503859261866,0.417216783166664,0.625146477989542, ,0.06443397471
0.761030644779795,0.425371040596581,0.651905954192915, ,0.04232114588
0.686968865162137,0.961759833990303,0.183411438252667, ,0.0979206175
0.0261755946930639,0.102356692956879,0.950630287800298, ,0.06465545495
0.24378449056486,0.62239999702105,0.419695513192454, ,0.03276292845
0.251034999877782,0.0574361715205672,0.74613810816366, ,0.06688391982
0.0531299069189821,0.0642119324800223,0.733170797417126, ,0.06003248612
0.226161387638613,0.0795247342744987,0.128508289736899, ,0.06741065145
0.228171714658951,0.680085484800238,0.691110562125091, ,0.03689193886
0.488588173837099,0.509227865208231,0.76187112433131, ,0.08328781795
0.35810087800571,0.375513969380746,0.99029679078021, ,0.07610262033
0.0655298031992181,0.0661956272071677,0.571177990196282, ,0.05985535483
0.541430418628852,0.875972149246996,0.867347136585159, ,0.04243960151
0.819859506138631,0.178023252968104,0.410887978760541, ,0.09495404333
0.687347342160524,0.105188629352094,0.671216056692674, ,0.05241871071
0.294697412278291,0.133086610231095,0.140767223316081, ,0.06180409227
0.35810087800571,0.375513969380746,0.99029679078021, ,0.04346137566
0.855786119398569,0.0955663620259718,0.780592657728105, ,0.03187370986
0.849157924067023,0.848137793496379,0.735045512893634, ,0.05104610739
0.293898073873327,0.0438912830182681,0.530763506421205, ,0.05256441741
0.924146155951452,0.0424970790826027,0.968684701193308, ,0.1513933585
0.93446966154509,0.60970307887734,0.704523619935215, ,0.05834317909
0.967457842845666,0.643062762359362,0.461619805043535, ,0.07333620187
0.532889217175334,0.0427352102325328,0.770711138320224, ,0.04888334149
0.686968865162137,0.961759833990303,0.183411438252667, ,0.04381842468
0.00479026728690835,0.429008343253279,0.773629800309328, ,0.08936550777
0.606937190388593,0.461788020213383,0.593580045750282, ,0.0119628433
0.390741328667726,0.421044837938163,0.432388315997097, ,0.06277505271
0.0660931559908532,0.738423542654962,0.173759520376099, ,0.06860129423
0.720942427834058,0.600246493184123,0.657082816982728, ,0.04122583409
0.95942326402797,0.595975349201651,0.226119843706823, ,0.08359821543
0.475902866477148,0.0252911299697921,0.517059732670409, ,0.06722821403
0.931860813998859,0.981012174180037,0.377870882629909, ,0.1188772002
0.878787142337043,0.646262942541304,0.891774270661599, ,0.06882278523
0.244330326459418,0.867719421876006,0.0769452420783338, ,0.03253231387
0.988967873712065,0.756617569023078,0.597794349332195, ,0.02192926849
0.124557529766044,0.0793181490795785,0.459582562921193, ,0.03840308144
0.51085258497692,0.958400498142853,0.556081101164897, ,0.06871571019
0.443408278206055,0.614127901260126,0.70424397172936, ,0.06504636371
0.577688120226795,0.474175438868487,0.36000952033958, ,0.07022176004
0.943189416772094,0.419313556477495,0.778282457939113, ,0.07004102807
0.39794738247787,0.0326028777099676,0.45533236837641, ,0.07468300853
0.762340910509653,0.993600237705828,0.736911399151754, ,0.05764459744
0.0798575104094916,0.100750151351719,0.512864833079828, ,0.02793908001
0.294697412278291,0.133086610231095,0.140767223316081, ,0.08090233949
0.791674330980475,0.236495954492022,0.104616241136761, ,0.05304334027
0.404393067809205,0.520051255191572,0.512760212901625, ,0.0782148772
0.464036780931769,0.753898076176962,0.65839895217994, ,0.07311276188
0.336842356215493,0.101305436988896,0.922360279402671, ,0.03952108919
0.158322364434917,0.217470937563965,0.915769452830409, ,0.05295070073
0.590699022065943,0.826071228997976,0.65304513440744, ,0.0609925643
0.404393067809205,0.520051255191572,0.512760212901625, ,0.06217738888
0.608016697184792,0.406631679121327,0.235987886138853, ,0.0660608083
0.520921988935373,0.71962945563681,0.226680308864818, ,0.07764612847
0.700470421792599,0.832025822508127,0.569525478579125, ,0.03904031771
0.122602411676523,0.0633039472367654,0.783031602364366, ,0.06716535226
0.541430418628852,0.875972149246996,0.867347136585159, ,0.05941497586
0.0618538646618353,0.354838083789756,0.439666155111939, ,0.04925880019
0.349280251531372,0.868835857249252,0.593302717557752, ,0.09273434353
0.0814511146257617,0.250854978922591,0.023822205910955, ,0.06045312834
0.158070715086325,0.449330006113406,0.194428098175101, ,0.0731341441
0.737856383166807,0.771861592512614,0.164606522698333, ,0.1003948509
0.373365990081582,0.40863736207368,0.0329061901809509, ,0.06893639991
0.292285703471637,0.930429170100462,0.721903921522467, ,0.05399073748
0.304781450063185,0.650670202798216,0.384723151036608, ,0.06182984703
0.72625287057207,0.31422361361446,0.220854451880253, ,0.04077853426
0.45661348572468,0.297373628628525,0.214356976620949, ,0.01930050809
0.39794738247787,0.0326028777099676,0.45533236837641, ,0.08070590268
0.202325278542331,0.260516960372224,0.424676291321311, ,0.0344340207
0.14769367555104,0.00609255833250211,0.347993272142882, ,0.0827992748
0.41065293818702,0.899738376274818,0.266054445298882, ,0.06321161268
0.95580100351093,0.343818046194475,0.0208505265334586, ,0.04053181021
0.653457410230001,0.149571042699369,0.653473982570106, ,0.05522941174
0.279327418775318,0.247683305595151,0.940220587929377, ,0.06635241216
0.424404402173137,0.572633707366002,0.280334867328381, ,0.05303889353
0.960773642275319,0.865542060830199,0.888048760435857, ,0.04800010418
0.272769219010526,0.534844499410178,0.230648853786392, ,0.02622941535
0.887039065185239,0.760467446423768,0.925852726339994, ,0.04583949019
0.742995914759119,0.0674328774597208,0.111245271279394, ,0.06769313825
0.929925186753481,0.827665150543626,0.171504377201589, ,0.08582770608
0.981162395991676,0.197170536945562,0.718295613837, ,0.0677712711
0.306632004625589,0.595172676955178,0.220956545530398, ,0.03469176045
0.0550101389925947,0.923823076579452,0.722769214263664, ,0.0940474486
0.180397795604741,0.0436403885271237,0.963273706307596, ,0.04469953573
0.250144045562782,0.619025995292294,0.381944287192862, ,0.03070724046
0.501173036629593,0.349820650654395,0.326720420496867, ,0.08426474104
0.613854299167737,0.349223488689253,0.590909217626142, ,0.03866603149
0.665996363819825,0.560725065792996,0.314632676627645, ,0.07522167104
0.55915139791952,0.838929502335775,0.163501608756525, ,0.03066643095
0.114508650243279,0.908499587564764,0.0229669359073412, ,0.1003803989
0.839222513128686,0.138102481855868,0.211665947792644, ,0.0688370749
0.647793727165191,0.955764459478844,0.522785636058013, ,0.08079649983
0.388502427057004,0.296666354576225,0.366059589157651, ,0.07864199545
0.232272499870416,0.3272627517268,0.300421254868312, ,0.07271360328
0.23136840384329,0.928055598120966,0.473255203778154, ,0.03157215353
0.584751682670293,0.954089465262852,0.901067740483059, ,0.0470061694
0.996876717312718,0.168448058293563,0.0798154791254173, ,0.06544437287
0.793698954739179,0.061538371610007,0.820872805360822, ,0.02687427338
0.678916231293558,0.651391387704152,0.972479061587013, ,0.07008354795
0.178082977326305,0.42423619994839,0.59908443016416, ,0.05231373941
0.220302294076006,0.521203878536328,0.497561737833141, ,0.05482060955
0.594969955267628,0.617557682360121,0.108255956195029, ,0.07842207041
0.0162342101858762,0.937245012546609,0.552600531783099, ,0.04364047145
0.87436248640664,0.63139174701657,0.820598511351388, ,0.04354784224
0.794212735632186,0.635327896791934,0.377260285242197, ,0.05999232046
0.344127559177891,0.970725128512096,0.938879109196968, ,0.07533418364
0.948820909615878,0.685433513278387,0.331701641535402, ,0.0542832142
0.120661058995131,0.279966212425025,0.189874628032702, ,0.08731330379
0.730087100221913,0.114756663610487,0.0503326746021571, ,0.07237969915
0.519857098094491,0.766607005249588,0.0287904015884622, ,0.08373493414
0.632486045399376,0.276473101098413,0.129497928481082, ,0.07345338479
0.660554552226325,0.116083408174701,0.102079382612276, ,0.02112219451
0.098264663140269,0.699473262570572,0.842986209514066, ,0.0598708658
0.577688120226795,0.474175438868487,0.36000952033958, ,0.05334587048
0.257360141974159,0.0438214008979099,0.546418199046853, ,0.04263022938
0.555060622126525,0.720063450508905,0.0976463137386701, ,0.06868208996
0.132874727605573,0.627393797652795,0.224284498996839, ,0.02104523112
0.587774666811951,0.709198389792212,0.447269723332522, ,0.0440100032
0.669997289110075,0.32994279930225,0.907466809438948, ,0.09561793928
0.815334312963042,0.189331553459011,0.0639443821398763, ,0.07077793674
0.401303093816786,0.185432040071214,0.84264402221276, ,0.06199490876
0.113580486720773,0.0375936071941262,0.589007377761238, ,0.05469230456
0.660122783229203,0.632999160696518,0.549127373763244, ,0.09372710628
0.0226983082548877,0.714545387606588,0.53778739886473, ,0.08384608654
0.741645504538724,0.00118469567754098,0.948656438329619, ,0.09126266067
0.646078767426902,0.786975875226553,0.981456035897661, ,0.05600296311
0.375764622683821,0.302431174265784,0.769371723769373, ,0.06933859879
0.767559107006906,0.577725242007604,0.815151701228723, ,0.07380993162
0.916080065491592,0.0789217765038508,0.284408840397026, ,0.08084283942
0.0550101389925947,0.923823076579452,0.722769214263664, ,0.05945249091
0.109976709176561,0.931621917719126,0.384710709116568, ,0.03041821903
0.759425519400968,0.755400687708051,0.0381569374161257, ,0.04962338613
0.812109491347892,0.491899635357199,0.785645239058642, ,0.07667754955
0.234176233741903,0.164452617133228,0.740476976507164, ,0.05455676528
0.756687333668273,0.224898962132993,0.817730478798463, ,0.008858055632
0.273850495611228,0.341870018699637,0.184641740286082, ,0.06630449258
0.93446966154509,0.60970307887734,0.704523619935215, ,0.05082813296
0.729495546692824,0.980383172066757,0.538581805965871, ,0.05357510304
0.136785521140193,0.731289570125078,0.493615613241461, ,0.03714638727
0.981834194803785,0.225224311262227,0.25747244198775, ,0.03642344693
0.455533492190957,0.151829013228642,0.973803688110619, ,0.05369205416
0.981162395991676,0.197170536945562,0.718295613837, ,0.07395778657
0.793295915574647,0.030615587533931,0.435647718720001, ,0.03980962042
0.226161387638613,0.0795247342744987,0.128508289736899, ,0.1099757448
0.313385175032494,0.341592044941928,0.0664580735776531, ,0.06961837599
0.653166847574187,0.0345286934825325,0.967865643040147, ,0.05815397329
0.140631787630586,0.16486658226753,0.925122101615939, ,0.05388754143
0.882871128736156,0.274354666836555,0.732337769129111, ,0.04708902254
0.195080693863593,0.548732849784325,0.0966273292770582, ,0.02604395993
0.466306190491842,0.0459262586137635,0.340526740750247, ,0.04995152292
0.874815190707527,0.72144030394681,0.333163712874351, ,0.02564981097
0.787500654553347,0.701363619969999,0.47381178499355, ,0.0582106912
0.787500654553347,0.701363619969999,0.47381178499355, ,0.05340293446
0.381228631266768,0.224930962607466,0.528672903728912, ,0.02816071476
0.342418629364734,0.457381641632891,0.235631808803512, ,0.04339489438
0.36657889241564,0.726068662704131,0.474971663924563, ,0.02618579112
0.99615419000133,0.045930042395689,0.424161080433143, ,0.04968599585
0.384719126607485,0.876676906343958,0.80141332879338, ,0.06163111294
0.475902866477148,0.0252911299697921,0.517059732670409, ,0.09215593599
0.609544256067765,0.226861112409351,0.921084184090705, ,0.06846912624
0.292820180930994,0.314645041648849,0.74087637397665, ,0.05167762856
0.816712048105492,0.266272546727528,0.14631945186367, ,0.04928503967
0.960773642275319,0.865542060830199,0.888048760435857, ,0.02798237734
0.624557355036217,0.183066511312714,0.466026998998085, ,0.1040280639
0.392687834084715,0.109431966795412,0.059822571351507, ,0.08047743241
0.72625287057207,0.31422361361446,0.220854451880253, ,0.07359797834
0.670848626826988,0.179572313538213,0.317926173394974, ,0.08096746488
0.94215680422108,0.321429580502366,0.246985334294337, ,0.1022113889
0.0850234948297318,0.160542459836023,0.0388951460140624, ,0.03001757962
0.778147217698038,0.0907706222271155,0.863298743573582, ,0.06037023474
0.188403966443919,0.883164439480937,0.508952470094912, ,0.04537854833
0.315050765968079,0.64411874096921,0.242728285800652, ,0.06333592217
0.525365555222811,0.754390242608384,0.43982993787372, ,0.04186164032
0.0655298031992181,0.0661956272071677,0.571177990196282, ,0.03860363661
0.241948559855753,0.900793314862785,0.887142792602086, ,0.05605942214
0.55174486657212,0.327107797123185,0.959985294725572, ,0.07126048131
0.381228631266768,0.224930962607466,0.528672903728912, ,0.04944147285
0.871053759030498,0.932815501661346,0.0484631194106202, ,0.04878311549
0.960773642275319,0.865542060830199,0.888048760435857, ,0.05981728101
0.855786119398569,0.0955663620259718,0.780592657728105, ,0.08727075666
0.494635010599183,0.2358851523622,0.704932912227952, ,0.07263517347
0.637517459507212,0.414010633834721,0.0289933852306401, ,0.02478599631
0.178082977326305,0.42423619994839,0.59908443016416, ,0.03248388477
0.39180347310391,0.772765772488078,0.344053326244892, ,0.05856956575
0.183807572808058,0.585562631173585,0.0556860432218877, ,0.06566726464
0.742824968571869,0.745021711203476,0.65757631884549, ,0.05501511667
0.0993972997853326,0.674700811696825,0.0204531357067109, ,0.02850330562
0.148959503476061,0.892848579628712,0.544756206284895, ,0.04491553966
0.194470464436047,0.739346118287181,0.0578526562729573, ,0.05331493616
0.406397084989031,0.386487471472061,0.130137910098188, ,0.1073711594
0.608016697184792,0.406631679121327,0.235987886138853, ,0.05984049801
0.475902866477148,0.0252911299697921,0.517059732670409, ,0.1015239147
0.472126875560779,0.697274437867366,0.716089439643145, ,0.06440802027
0.78191814305469,0.94561635754579,0.205479931165975, ,0.05989458304
0.510230384893921,0.875193670666162,0.858564668189082, ,0.05434715591
0.705284949474559,0.492911198491711,0.270117679556702, ,0.08654118519
0.248185499702277,0.378381965937201,0.280238282611518, ,0.01882881515
0.315050765968079,0.64411874096921,0.242728285800652, ,0.09316484933
0.73159036469937,0.623006315593586,0.913012618279385, ,0.05543014168
0.669997289110075,0.32994279930225,0.907466809438948, ,0.08029462379
0.824559444805924,0.532134520743018,0.652930623376324, ,0.04165717096
0.110424346387379,0.471068313068503,0.53428438036083, ,0.05139387133
0.625507998668092,0.852564161243834,0.0171751917629139, ,0.06820133295
0.343562026376202,0.948597270260074,0.931748235153865, ,0.06932630911
0.292820180930994,0.314645041648849,0.74087637397665, ,0.04738524805
0.388093232106229,0.27878343987557,0.823281693567716, ,0.04283727935
0.212792830133108,0.585535154810107,0.134911646907036, ,0.01805623729
0.819264332124308,0.290961602775726,0.513435389290885, ,0.08039287097
0.185412666718049,0.730183615896867,0.805001364770038, ,0.03282651708
0.93252868337777,0.327131250256327,0.152344390509446, ,0.06038086566
0.77643715704307,0.351053791654191,0.0696089072268201, ,0.005645730331
0.095281893694927,0.750939520665683,0.634285664829676, ,0.05094443444
0.669997289110075,0.32994279930225,0.907466809438948, ,0.07310556751
0.615495573888771,0.14072660372892,0.940671702323832, ,0.06343617329
0.275100031933023,0.224436551744742,0.593152453757293, ,0.08370193434
0.568068835112383,0.471303860838339,0.650101786293395, ,0.05507482846
0.0578732200643353,0.238354029180817,0.0881194010665693, ,0.03150885114
0.371936526296025,0.755381179816867,0.0772281218080693, ,0.02877524914
0.335878004176493,0.450443533848448,0.441997007050542, ,0.04365040839
0.272543280465259,0.990451526806043,0.975792377421456, ,0.05580948239
0.55915139791952,0.838929502335775,0.163501608756525, ,0.05648456913
0.0198092973579876,0.0710461887190036,0.245086328378196, ,0.01611857341
0.352354277272233,0.232272145154811,0.483913169020195, ,0.09400261279
0.0687645503066322,0.361820939185388,0.278200913983412, ,0.04430583922
0.611890842134839,0.488368984475945,0.669977042584398, ,0.06838695651
0.282636019644898,0.167718826130997,0.859584273437561, ,0.01889610483
0.519644594061062,0.407138747737851,0.146365155520341, ,0.01630316356
0.861392284706889,0.266487718293545,0.683568737017892, ,0.04171559943
0.436712626890242,0.216701313938063,0.910989830612437, ,0.03816511407
0.705284949474559,0.492911198491711,0.270117679556702, ,0.0793481629
0.601417192082403,0.803539757687347,0.567064139205961, ,0.0481578206
0.0402761044451749,0.642099314949712,0.92662795060653, ,0.07771220069
0.0563548129759195,0.324949825915038,0.58877507709334, ,0.04814759967
0.590699022065943,0.826071228997976,0.65304513440744, ,0.03322646361
0.829354004107554,0.324293961662833,0.976281680298363, ,0.03615044171
0.334142226573045,0.855372439501976,0.383272594548323, ,0.08370664554
0.590699022065943,0.826071228997976,0.65304513440744, ,0.03692876702
0.448428074157129,0.774282624544634,0.549262804562303, ,0.04837629177
0.199309936720604,0.0780526245574292,0.416732536384826, ,0.0555059584
0.765000677161114,0.441901110454768,0.206918542669167, ,0.03192220303
0.603346701718235,0.313655249956032,0.861963953831022, ,0.05296285607
0.265760726936449,0.985351857181106,0.656166266754098, ,0.02058431511
0.259657502973173,0.253709654779395,0.106962532874998, ,0.0743197654
0.855786119398569,0.0955663620259718,0.780592657728105, ,0.1459887893
0.612025685393396,0.230997598704911,0.670545851422548, ,0.07148874584
0.460850095560347,0.826131274664042,0.822517270188885, ,0.01918419187
0.407192140177763,0.691027630544132,0.890674890440579, ,0.07496878352
0.0618538646618353,0.354838083789756,0.439666155111939, ,0.04593533345
0.759425519400968,0.755400687708051,0.0381569374161257, ,0.1031542753
0.120924369020688,0.909127231300197,0.0481282173253567, ,0.03038132962
0.632235958628099,0.84675385935827,0.827347861597117, ,0.06860832709
0.0902183874227361,0.550723175411869,0.999670722901092, ,0.04642279615
0.913092786302704,0.427238670414008,0.919848150552658, ,0.06708516844
0.766056708844096,0.276859284902233,0.690498740488551, ,0.04901565073
0.390741328667726,0.421044837938163,0.432388315997097, ,0.0357869146
0.894026962142962,0.351684692854754,0.600115116701002, ,0.04765016725
0.470220249399843,0.640077675790649,0.999606762331791, ,0.07618132986
0.546653229223465,0.106878803151851,0.685645447172963, ,0.05054367706
0.0562366540302803,0.771217855734384,0.592793988481641, ,0.02577567176
0.931830942246177,0.683450945867547,0.0497856912422163, ,0.0891475227
0.241948559855753,0.900793314862785,0.887142792602086, ,0.06327328288
0.116591460406517,0.723273745297256,0.586089689691885, ,0.05721180071
0.531298525389999,0.246537408871205,0.0982585852503489, ,0.06828345153
0.660122783229203,0.632999160696518,0.549127373763244, ,0.06784050319
0.93547362920052,0.306538617498057,0.876491048194556, ,0.05534143037
0.660122783229203,0.632999160696518,0.549127373763244, ,0.0823482651
0.343562026376202,0.948597270260074,0.931748235153865, ,0.07781197689
0.0402761044451749,0.642099314949712,0.92662795060653, ,0.07564176206
0.220302294076006,0.521203878536328,0.497561737833141, ,0.06217014005
0.0814511146257617,0.250854978922591,0.023822205910955, ,0.03264502555
0.609190800111788,0.141267301355865,0.544995626280009, ,0.02015205992
0.540886716975021,0.137966015563673,0.212909320728871, ,0.03279730184
0.39794738247787,0.0326028777099676,0.45533236837641, ,0.05450466521
0.951503859261866,0.417216783166664,0.625146477989542, ,0.06086710646
0.616452291660663,0.866021917961434,0.773202993049054, ,0.04260332449
0.284191067012456,0.841984382942054,0.163535945779529, ,0.04181101643
0.140631787630586,0.16486658226753,0.925122101615939, ,0.06077007976
0.250986721805403,0.492369042778608,0.0148827770779008, ,0.04819480354
0.384719126607485,0.876676906343958,0.80141332879338, ,0.09762740283
0.189246821043838,0.418692892875808,0.522337312171678, ,0.07477742037
0.62392533109742,0.585117016486201,0.429136330648396, ,0.05573102569
0.454634832096471,0.557113847861405,0.37199561915403, ,0.06169961161
0.520921988935373,0.71962945563681,0.226680308864818, ,0.05856278217
0.392154199196871,0.230377824363278,0.981657990287341, ,0.03711684557
0.417597817915002,0.980013682091637,0.0491588799462974, ,0.02928462229
0.972172744066069,0.109588299421949,0.505444105576792, ,0.05921359051
0.742995914759119,0.0674328774597208,0.111245271279394, ,0.06531230804
0.235476222434028,0.941113283367182,0.40407495448972, ,0.05881714926
0.0129328750203385,0.775490336185279,0.347677302861846, ,0.05122626503
0.0502258786073736,0.677226892970917,0.278393913605744, ,0.06694152264
0.324086395747589,0.120513722601047,0.550349220490238, ,0.06197662155
0.809555661368722,0.344055269436719,0.152195609726711, ,0.06882007361
0.0660931559908532,0.738423542654962,0.173759520376099, ,0.05122725248
0.226161387638613,0.0795247342744987,0.128508289736899, ,0.09670032276
0.996531012403185,0.125549651227103,0.635831085830244, ,0.04473379513
0.931860813998859,0.981012174180037,0.377870882629909, ,0.04086581693
0.517176239817217,0.755507985694884,0.766963074050382, ,0.06907032363
0.0850234948297318,0.160542459836023,0.0388951460140624, ,0.07621185329
0.389642483523136,0.533509502109832,0.908369301869526, ,0.06345200849
0.90661100793624,0.58446404616512,0.803347256096431, ,0.01505943722
0.579595567269595,0.172825044643515,0.956705667598061, ,0.02644258943
0.0701427620549565,0.283504347714911,0.53146966264524, ,0.03498961527
0.202325278542331,0.260516960372224,0.424676291321311, ,0.05598947335
0.259657502973173,0.253709654779395,0.106962532874998, ,0.0722544655
0.116457320278619,0.549020718037859,0.3784444805366, ,0.08026413341
0.0850234948297318,0.160542459836023,0.0388951460140624, ,0.0661430544
0.879587792710168,0.746736221509073,0.800118770366827, ,0.103806193
0.886112007494354,0.470432633464581,0.473184288438468, ,0.06920855954
0.577688120226795,0.474175438868487,0.36000952033958, ,0.05526057122
0.388093232106229,0.27878343987557,0.823281693567716, ,0.05176856565
0.133116035214335,0.378724133108568,0.0644516572656004, ,0.06129821332
0.664955244372637,0.924353352027033,0.825586099261032, ,0.06124234117
0.0241273484590363,0.981236676348256,0.893934852248935, ,0.01455694089
0.95502282630496,0.91249009140446,0.74758699250613, ,0.07558336405
0.796419810090493,0.158855212249454,0.83210495361005, ,0.05497400791
0.189246821043838,0.418692892875808,0.522337312171678, ,0.03840857246
0.613917182848536,0.0290891930660003,0.110927890003148, ,0.03657934722
0.574551930456155,0.972397382505849,0.0175965227756093, ,0.05250993714
0.335878004176493,0.450443533848448,0.441997007050542, ,0.03832286061
0.501173036629593,0.349820650654395,0.326720420496867, ,0.07100322513
0.355033205822375,0.602429404593563,0.982513973635082, ,0.06470468674
0.644180030994038,0.893243859378089,0.284563517879359, ,0.05622348647
0.625507998668092,0.852564161243834,0.0171751917629139, ,0.05134405502
0.810672623897811,0.840576759674225,0.692749332417696, ,0.07111071549
0.599333099703655,0.0407425281080744,0.754250956707191, ,0.04137771701
0.95942326402797,0.595975349201651,0.226119843706823, ,0.07486466184
0.749258913661596,0.904950848030432,0.924444678885384, ,0.02523484072
0.211606558929762,0.925259930208638,0.736549651811981, ,0.07615551638
0.766210369115449,0.183035434425159,0.661909675307289, ,0.04257471139
0.583203938261929,0.645047873794619,0.174063614585687, ,0.03515465012
0.77643715704307,0.351053791654191,0.0696089072268201, ,0.08864072811
0.615215002017245,0.95330696121829,0.157860016965499, ,0.04858219741
0.293898073873327,0.0438912830182681,0.530763506421205, ,0.05054736317
0.227514596191206,0.635885092102706,0.908312924384506, ,0.06648666242
0.764182529209245,0.0878115791273154,0.999207585897931, ,0.08237126476
0.494635010599183,0.2358851523622,0.704932912227952, ,0.08409288247
0.360479587718067,0.531345496098466,0.236845305655294, ,0.06732134477
0.352937897643806,0.993276925867213,0.517901511595927, ,0.06787072321
0.670503935968297,0.0886339391666144,0.855918848198766, ,0.04984217212
0.82221967501448,0.341562288633676,0.748579068340552, ,0.0543725607
0.819859506138631,0.178023252968104,0.410887978760541, ,0.06670232268
0.754063633660506,0.524130794721474,0.0821022760897193, ,0.091950502
0.294697412278291,0.133086610231095,0.140767223316081, ,0.08225914892
0.133365873580874,0.231693198573235,0.118810799177129, ,0.04356210348
0.791674330980475,0.236495954492022,0.104616241136761, ,0.02741484143
0.172727728815934,0.179634338896395,0.158739959013056, ,0.05159249466
0.407192140177763,0.691027630544132,0.890674890440579, ,0.08581061142
0.601417192082403,0.803539757687347,0.567064139205961, ,0.01769769119
0.282636019644898,0.167718826130997,0.859584273437561, ,0.04389028588
0.475549188961242,0.0483405839031867,0.694424555211631, ,0.02877088646
0.535057472473115,0.664723993435264,0.469137558804193, ,0.0801893695
0.812109491347892,0.491899635357199,0.785645239058642, ,0.08163821235
0.315050765968079,0.64411874096921,0.242728285800652, ,0.04237266425
0.599518999421417,0.467509472881499,0.954047418108375, ,0.04917232489
0.887039065185239,0.760467446423768,0.925852726339994, ,0.07544985305
0.62793398773612,0.0286109882149537,0.0260599567807538, ,0.05201483528
0.371936526296025,0.755381179816867,0.0772281218080693, ,0.02022229299
0.931860813998859,0.981012174180037,0.377870882629909, ,0.01926147266
0.844160128705667,0.587483245327666,0.726971565256678, ,0.0478677192
0.77643715704307,0.351053791654191,0.0696089072268201, ,0.0239702752
0.404393067809205,0.520051255191572,0.512760212901625, ,0.0287950753
0.820273069532441,0.159257097288325,0.274477393906067, ,0.04838941832
0.404393067809205,0.520051255191572,0.512760212901625, ,0.03858703079
0.162544287384948,0.530726839631322,0.528151130580923, ,0.03960498866
0.941902534149479,0.666044742523001,0.246010772514709, ,0.05282786181
0.832407096059485,0.324452198481996,0.80205493245405, ,0.03077179196
0.452068384116189,0.505045285354472,0.0484389280799649, ,0.04324501896
0.687897887325468,0.39409254059081,0.601613638812186, ,0.09241758428
0.175002042938845,0.808701005190036,0.106972922633502, ,0.08886407384
0.604795286835835,0.901932584027631,0.401673898677902, ,0.07783783254
0.654660631640093,0.53923734121635,0.811351219561645, ,0.03930044104
0.731249584066285,0.0144598862902395,0.0526316521342139, ,0.07363162792
0.55915139791952,0.838929502335775,0.163501608756525, ,0.05238753071
0.603346701718235,0.313655249956032,0.861963953831022, ,0.08808943442
0.401303093816786,0.185432040071214,0.84264402221276, ,0.06494492644
0.567088448352039,0.041508827191673,0.763963527870113, ,0.0509493228
0.439702782035414,0.90748793265313,0.871477307488615, ,0.05991149277
0.442081779375053,0.882373218339909,0.620742116043943, ,0.03932018992
0.381606377054531,0.930095544417715,0.100415785501203, ,0.05347966636
0.693766235899861,0.815426073783565,0.754243914741752, ,0.06552034657
0.250144045562782,0.619025995292294,0.381944287192862, ,0.02189782563
0.133116035214335,0.378724133108568,0.0644516572656004, ,0.05659715363
0.742824968571869,0.745021711203476,0.65757631884549, ,0.04309493891
0.430022277350443,0.0890453231040103,0.146441589503064, ,0.04312656523
0.880351994855042,0.427227871173531,0.933813739046706, ,0.06243404297
0.547398646303683,0.566150998463484,0.272535594710068, ,0.03846433438
0.360913941926225,0.667501007474741,0.725625259527166, ,0.03365867961
0.360913941926225,0.667501007474741,0.725625259527166, ,0.05577336879
0.525365555222811,0.754390242608384,0.43982993787372, ,0.06391777287
0.284191067012456,0.841984382942054,0.163535945779529, ,0.03577112579
0.36657889241564,0.726068662704131,0.474971663924563, ,0.05325571699
0.509569195244223,0.607971434594064,0.87348398896356, ,0.0949887379
0.622495735864139,0.784420528454836,0.062292285500529, ,0.06938777688
0.482439490410308,0.960603432072807,0.376003615820678, ,0.08177086002
0.272927172632034,0.384419072793885,0.416059329276532, ,0.02229505765
0.513323694280776,0.822439245619206,0.208517061537449, ,0.02769736679
0.880351994855042,0.427227871173531,0.933813739046706, ,0.04111764637
0.764678734239108,0.871774756181892,0.40302171432497, ,0.03124887687
0.257360141974159,0.0438214008979099,0.546418199046853, ,0.09221773185
0.879573105889804,0.28525253905508,0.940817445810663, ,0.05290201085
0.0645190038917753,0.848685707137631,0.481587919974302, ,0.07646189869
0.967787995723987,0.632947715093888,0.273589404280288, ,0.02539316712
0.541430418628852,0.875972149246996,0.867347136585159, ,0.0926751946
0.202104695637984,0.0265307887978038,0.27289293386417, ,0.06420067383
0.873051765307172,0.962437424527624,0.98675987651156, ,0.05842927443
0.184900180776793,0.649294090220916,0.680832100220404, ,0.04889419176
0.721815746280328,0.777002497979954,0.4706720140738, ,0.04295659619
